,1,2,3,4,5,6,7,8,9,10,11,12,13,14,15,16,17,18,19,20,21,22,23,24
2019-01-01,8.93544,5.475148,0.518472,0.180008,0.055592,0.0036,4.00E-05,2.369149,86.145399,317.608958,527.767732,644.271997,685.988124,638.210988,523.931264,336.543939,134.648857,79.546735,225.958189,206.256264,116.928168,43.317299,16.615281,2.14992
2019-01-02,0.51778,0.66458,0.2002,0,4.00E-05,0,0.001056,1.974207,125.419452,545.508709,861.284591,1066.81252,1140.519412,1080.821591,987.009645,674.033684,240.984304,95.013518,262.672389,321.606694,254.505816,122.43137,47.195128,14.775071
2019-01-03,5.395696,1.602084,0.778556,0.110148,0.00996,0.0018,4.00E-05,2.341338,172.573945,722.428691,994.100772,1207.891206,1293.750792,1280.962146,1202.077466,857.741728,299.645675,100.325744,277.36287,338.442751,307.619605,185.468107,76.453814,27.276359
2019-01-04,11.93354,5.962764,0.361544,0.179928,0.08796,0.007176,0,2.902851,143.441682,479.579008,540.006745,540.021001,451.142633,466.689468,436.070632,263.358033,103.357355,78.540939,183.118781,136.664614,70.640458,27.490172,11.113386,1.09522
2019-01-05,0.13324,0.07942,0,0,0.00012,0.000384,0,0.546986,90.38581,418.657606,689.920931,912.661335,1054.773551,1121.748227,1045.520637,741.328154,303.797399,106.984359,282.339891,340.390114,284.010947,149.984371,55.881186,18.878412
2019-01-06,10.749416,4.156316,0.306456,0.138852,0.0072,0.00048,8.00E-05,1.211993,115.664971,476.765774,836.724701,1172.110917,1266.131847,1254.751177,1192.106767,873.437965,315.270456,103.763665,278.933502,336.830677,304.587346,184.335019,76.912966,27.14328
2019-01-07,10.449912,6.021156,0.88016,0.70912,0.262984,0.00328,4.00E-05,3.43477,147.350272,588.450772,818.217183,1020.667108,1089.777216,1047.901549,895.237662,556.696496,218.655073,101.624773,281.591193,338.766507,288.940773,170.603492,70.494494,24.436407
2019-01-08,8.233636,4.60828,0.082044,0.008592,0.0018,0.001192,0,1.165079,116.652013,533.368194,820.488593,1034.45707,1077.695976,1042.969166,929.07316,641.962242,265.712432,105.532368,275.685646,314.521807,241.03042,122.334974,53.679488,14.296432
2019-01-09,6.559628,1.642288,0.14776,0.046688,0.00972,0.00256,0.002,2.679096,168.243651,627.306589,842.012996,960.581814,866.440446,672.734327,596.223633,462.076325,246.997105,111.843584,271.065093,301.648644,188.364907,85.558311,27.843467,9.843464
2019-01-10,2.803128,0.6953,0.25004,0.179568,0.168,0.18,0.180808,1.139881,78.875001,355.939523,583.224621,816.108429,860.782183,771.187602,590.245627,375.219969,157.058286,91.832417,230.375958,258.33346,199.892641,117.510155,39.258464,9.690769
2019-01-11,4.01176,0.86736,0.003832,0.005664,0,0.00012,0,1.50152,99.807676,472.885962,752.086615,985.651886,1050.451411,1051.78557,898.734936,557.15665,220.232347,106.535387,274.280753,333.364657,282.063713,160.690874,66.100991,21.52537
2019-01-12,8.563072,1.634472,0.37872,0.04684,0.02568,0.008,4.00E-05,0.165009,35.41517,211.051109,397.978544,599.252857,717.369779,722.46906,634.71755,428.911184,210.368906,102.568537,242.462531,251.64419,194.919283,115.148709,42.838836,12.991239
2019-01-13,5.828208,4.70788,0.30764,0.2116,0.1904,0.17232,0.0846,1.438343,116.676941,517.583654,756.967471,1000.201837,1118.968565,1115.738385,1005.851839,735.494642,312.376442,121.8257,282.120095,339.23025,295.492449,174.362512,67.749454,20.852432
2019-01-14,10.671764,5.710528,0.578912,0.09738,0.04576,0.0072,0,1.966356,119.326792,470.760065,660.091468,858.993755,926.875827,878.811709,730.297946,465.446384,232.029799,117.525283,269.418324,298.392865,239.380117,134.55268,54.007575,14.263321
2019-01-15,6.445892,2.565904,0.283392,0.00148,0.00144,0,0.00012,0.992207,108.543931,448.701376,604.509838,712.076946,731.461921,709.572817,588.718989,332.055514,162.897527,132.769998,262.269432,264.655119,184.435915,87.847471,33.264522,10.02834
2019-01-16,1.558,0.708832,0.13902,0.05,0.02,0,0.00484,3.12952,168.669031,666.365304,919.736056,1186.907249,1375.376193,1388.362325,1309.830226,993.157853,399.748326,137.285545,230.455328,283.366741,246.870249,156.598346,63.613639,22.494244
2019-01-17,8.086524,2.014072,0.561236,0.031544,0.035188,0.014472,4.00E-05,2.116877,110.194132,480.02127,753.88245,972.896304,1095.374916,1100.541881,985.697073,716.273496,333.760744,139.429633,214.966287,248.589228,199.912879,115.792617,43.131482,14.671188
2019-01-18,6.547244,1.421244,0.20448,0,0.00292,0,0,3.137837,170.080824,691.490259,994.62413,1234.573304,1323.047017,1295.554107,1185.117299,866.303233,358.248818,145.224871,207.716707,258.101585,223.170817,150.179273,67.207334,25.898077
2019-01-19,8.480592,1.433616,1.425004,1.056676,0.90964,0.00096,0,2.628474,138.36398,580.684441,855.241245,1046.048061,862.956309,635.991055,448.838674,289.581117,136.920451,127.443328,160.226004,149.136841,86.116754,33.02972,16.062616,7.802552
2019-01-20,2.801264,0.5568,0.21284,0.00052,0,0.00072,0.000232,1.624019,140.098853,614.839649,985.846457,1234.678445,1378.705616,1382.504535,1276.855853,993.498607,443.393429,167.818098,214.973954,260.371676,221.720347,149.516267,65.506954,23.255097
2019-01-21,10.108216,1.845728,0.45894,0.194392,0.090712,0.0141,8.00E-05,3.629534,166.638501,625.530344,898.203099,1103.576346,1177.165372,1183.895761,1120.071534,869.255028,399.140852,156.354744,203.243086,237.046879,195.295353,126.855032,53.240893,12.940977
2019-01-22,1.893,1.188836,0.609548,0.20904,0.021423,0,4.00E-05,3.531134,172.630215,671.47104,946.436003,1178.815688,1288.171393,1286.735763,1192.264635,925.404824,410.913589,165.346867,213.786859,262.403188,223.048158,149.544957,63.181576,21.195744
2019-01-23,7.69995,2.411742,1.590344,1.119112,0.94196,0.9306,0.9218,3.732226,156.606716,585.274578,838.236706,1095.250218,1237.166162,1243.722186,1137.679439,895.937221,432.767108,175.479181,215.998823,265.295451,222.364734,141.631971,61.695044,23.08194
2019-01-24,10.730088,2.350848,0.476548,0.043,0.08131,0.225668,0.22739,5.052835,222.043908,833.322975,1113.679587,1336.603729,1431.644372,1414.640678,1378.316948,1108.462249,534.741171,184.624735,213.641991,266.580791,227.760628,152.807125,69.35978,27.542936
2019-01-25,11.577932,1.88474,0.493532,0.16642,0.087748,0.012328,0,2.455806,136.455555,515.978424,746.70752,970.304625,1048.81368,971.711581,876.707985,719.991436,406.289368,172.196631,191.611733,209.898402,127.391839,68.6446,27.506663,11.360256
2019-01-26,5.697148,1.471992,0.297548,4.00E-05,0.000864,0,0.00012,4.713026,203.29824,773.967523,1087.328699,1372.265729,1514.750426,1506.91251,1442.692361,1189.353684,592.932905,197.340314,214.941178,266.221086,227.636578,156.653162,71.618746,27.430135
2019-01-27,11.851072,2.046548,0.790452,0.503304,0.425248,0.049716,0.0004,6.276166,248.179087,893.815577,1156.713795,1372.79895,1462.066134,1405.582119,1321.449091,1027.85499,532.32661,197.212626,214.130055,266.375912,226.388575,153.594153,69.030408,26.292824
2019-01-28,8.942032,1.230128,0.469332,0.216068,0.136808,0.04444,0.37164,1.544418,83.112909,391.921615,711.097177,1064.191614,1290.066564,1332.505026,1217.799728,950.912529,514.748831,187.804595,212.283517,256.445942,211.412194,115.475169,52.06135,18.713437
2019-01-29,10.68228,5.555932,1.966388,0.166936,0.420332,0.38765,0.26698,7.231653,254.699336,894.922556,1156.390147,1372.404991,1466.491616,1444.037488,1403.598157,1145.066807,593.844263,209.023247,219.32389,269.558345,230.242472,152.483909,67.365788,25.734156
2019-01-30,10.887004,2.008492,0.438356,0.1434,0.081572,0.22554,0.22502,3.886016,175.468343,567.94695,707.4239,866.201694,1129.595359,1165.983528,916.494289,587.465142,297.274893,161.640959,195.002233,206.501149,137.164827,77.901358,32.862948,12.344064
2019-01-31,3.271948,0.797216,0.284356,0,4.00E-05,0.00096,0,0.421317,12.332036,47.377754,84.522605,126.421667,173.121968,256.970986,484.663813,567.092827,438.656697,166.018701,59.177218,39.035124,8.468376,1.380292,6.28752,2.05224
2019-02-01,0.389664,0.422032,0.17664,0,4.00E-05,0,0.072516,5.320678,184.499373,675.072075,904.858041,1103.887631,1191.026001,1143.801834,1037.860533,843.148778,503.648165,203.710699,206.386985,236.504911,177.272341,123.792661,54.915207,20.399608
2019-02-02,5.835756,0.85492,0.25528,4.00E-05,0.000672,0,0.071967,4.600993,130.419872,410.362807,642.9532,964.358157,1126.887644,1185.846135,1124.417497,877.595135,392.5489,164.537799,213.631033,249.22397,190.993175,125.676744,58.959072,21.868528
2019-02-03,4.464476,1.810784,0.517424,0.04524,0.004296,0,0.059932,0.076366,3.85722,25.900191,56.777919,93.977954,127.706001,106.54181,71.355251,50.194095,27.322168,12.043465,12.574141,6.571064,1.26452,0.6262,0.00268,4.00E-05
2019-02-04,0,0,0,4.00E-05,0,0,0.123895,11.429086,285.627584,916.906403,1183.068814,1421.419849,1521.519633,1507.200204,1455.794894,1112.192077,542.223341,205.769815,221.189256,268.654944,216.457476,147.861693,70.164697,29.017473
2019-02-05,9.06906,1.029012,0.430992,0.143168,0.0642,4.00E-05,0.137548,11.958502,285.66012,874.286033,1114.349544,1334.215479,1404.99458,1403.907523,1308.420962,973.21972,469.530766,190.109455,217.910631,266.032882,216.612143,146.863113,67.80943,26.975509
2019-02-06,7.786036,1.027056,0.434836,0.144952,0.10336,0.32836,0.099224,9.112835,263.698722,794.035879,934.631192,1027.030997,1054.172839,1016.21899,781.845755,483.295787,288.800905,175.375978,209.595885,244.341945,177.963443,81.775483,36.183116,14.148088
2019-02-07,2.322024,0.93056,0.27884,0,0.001296,4.00E-05,0.055892,1.276429,45.255316,269.65066,596.771361,940.81746,1127.650281,1030.945594,910.451194,878.370365,677.301202,266.691391,203.033489,195.910543,118.544952,59.435679,29.316036,11.897868
2019-02-08,2.512656,0.81352,0.435416,0.06944,0.00324,0.000768,0.051735,3.791337,145.289315,678.58934,994.360178,1282.528314,1395.746491,1450.565292,1310.321715,1071.544622,595.340511,213.556579,222.440359,270.44335,221.805768,154.565131,71.610724,27.300856
2019-02-09,7.98684,0.977708,0.44766,0.15272,0.069736,0.0072,0.065339,6.831341,213.511526,746.157482,1049.171206,1293.6382,1390.902005,1389.994423,1332.450756,1013.427867,652.3365,268.218571,222.365407,251.648521,192.073895,112.329129,53.358682,16.904117
2019-02-10,3.57362,0.989316,0.445808,0.13092,0.03264,0.000864,0.112149,18.581121,237.431949,560.641218,709.976305,843.047982,908.377822,944.570914,657.054639,384.929626,228.434543,174.446536,209.975196,227.355208,160.197872,77.560246,31.139461,7.357856
2019-02-11,0.974916,0.6635,0.291792,0.00792,0.00504,0,0.082721,14.478653,276.172074,821.733242,1115.303613,1395.923045,1512.822151,1499.051026,1402.254753,1145.547334,688.697683,261.901435,226.755627,264.41235,193.773695,114.254525,58.428986,17.950242
2019-02-12,3.193136,1.03046,0.455912,0.13416,0.0314,0.00436,0.142988,15.659158,276.812718,802.9548,1033.844778,1259.76493,1388.422094,1377.980189,1282.724789,946.915152,446.540228,209.428489,226.591429,274.634758,216.502801,147.238623,68.359842,24.87803
2019-02-13,7.278144,0.854224,0.981564,0.694176,0.592056,0.57984,0.496743,20.3968,310.999517,849.915506,1084.665601,1336.002985,1464.575184,1476.199196,1431.784061,1168.438361,660.456342,262.068362,224.343628,273.703807,219.071314,148.113815,70.326032,28.36854
2019-02-14,9.38354,1.371672,0.686048,0.1639,0.03248,0.00124,0.063619,12.243862,176.413545,555.366321,843.789531,1102.839092,1218.343756,1250.050615,1232.900625,1075.696492,719.553764,283.197793,219.912561,261.710806,193.758412,108.221133,44.751598,13.8849
2019-02-15,3.070576,0.853148,0.460032,0.12668,0.0314,0,0.10923,2.839871,70.595098,236.780129,435.532545,600.045904,665.569509,687.566572,560.453594,413.72748,290.79288,189.833175,176.849033,144.937289,77.452617,24.824374,6.789323,0.481396
2019-02-16,0.24606,0.561504,0.2842,0,4.00E-05,0.000768,0.066834,9.268274,172.896443,532.029715,743.901768,976.012846,1122.005727,1165.743495,1110.579641,942.525527,580.14361,252.841697,210.502513,233.408267,159.162258,85.836675,39.618119,12.988452
2019-02-17,2.308164,0.738812,0.466668,0.03792,0,0.00076,0.217136,31.981525,448.440852,1110.404546,1310.780573,1549.930802,1669.77565,1691.123271,1705.694721,1430.724952,890.260544,347.448245,227.579801,278.635989,225.715356,151.045734,71.259826,27.184561
2019-02-18,7.75542,1.533924,0.614236,0.2484,0.029168,0.0008,0.084009,20.811258,264.56946,673.452336,821.80831,901.321141,843.242604,717.87161,434.027701,259.246957,174.895077,151.075022,159.689309,136.050257,77.932036,37.222079,22.688677,8.918205
2019-02-19,0.963764,0.471168,0.39844,0.05376,0.00366,0,0.046571,0.151485,9.830443,48.705606,94.259336,142.014973,194.818428,250.903166,294.110191,267.112635,218.542091,138.23688,87.396605,52.378401,16.740101,1.332206,5.473524,2.31724
2019-02-20,0,4.00E-05,0.014463,0,4.00E-05,0,0.07454,11.739515,158.795151,474.967344,701.493504,903.300705,1046.008716,1110.470633,1047.508848,852.919421,545.800892,272.729231,218.713192,249.345371,176.565312,111.349904,41.854238,14.672164
2019-02-21,4.561328,0.584144,0.40452,0.035848,0.00072,0,0.173928,38.364575,383.865726,942.020587,1167.010395,1415.742905,1537.564674,1523.500592,1464.939108,1145.529505,656.436382,280.493724,227.634943,274.767846,221.550131,147.257876,70.376875,27.374937
2019-02-22,8.080978,1.073618,0.594566,0.217,0.03332,0.00127,0.106883,33.576933,313.30186,726.478315,916.843029,1106.90885,1104.694593,1034.981621,856.90831,631.894601,448.137566,269.683813,211.230423,227.984902,146.380326,72.142862,36.64044,15.61556
2019-02-23,4.150316,0.872152,0.435192,0.08812,0,0.003168,0.198782,45.034756,369.533251,885.39651,1132.752117,1367.741776,1489.490326,1467.144774,1421.326495,1180.460825,751.050728,345.992813,230.158187,274.097766,220.623411,146.975454,70.808823,26.19531
2019-02-24,6.97712,0.882268,0.611072,0.21954,0.02966,0.001124,0.207141,52.548425,478.760722,1083.519029,1266.256224,1461.836747,1572.321549,1584.41779,1589.296237,1330.248315,834.551462,365.180733,224.75233,269.567404,222.263679,147.940579,72.221358,27.981424
2019-02-25,8.018132,1.261948,1.014784,0.52696,0.00044,0.001296,0.261483,43.827445,336.613888,771.115971,1009.943131,1290.192353,1435.634033,1461.319018,1421.316768,1192.720189,736.219884,344.132603,227.865837,264.785542,222.69897,149.557728,64.634792,25.48592
2019-02-26,7.747044,1.529144,0.705588,0.21908,0.029544,0,0.242637,61.991138,474.088933,1020.478784,1230.382975,1466.709228,1572.026089,1583.194023,1562.223647,1277.744329,787.848466,322.976835,233.175905,273.696954,198.958972,123.805347,71.487688,27.338915
2019-02-27,7.471172,1.244544,0.607276,0.23804,0.03136,0.01824,0.061136,21.456931,189.955307,467.775708,665.563943,788.008755,747.859487,695.037239,438.720924,353.157252,271.62327,174.822003,172.389899,132.873802,57.145507,21.154531,13.154988,8.5431
2019-02-28,1.897124,2.15332,0.5222,0,0.00096,0,0.080988,48.789781,373.164176,837.176612,1021.255399,1211.371588,1308.985308,1221.83614,1006.617215,782.534148,458.958334,261.701734,233.350635,269.804633,215.453248,145.015189,66.467238,24.188064
2019-03-01,6.724024,1.311628,1.275136,0.85432,0.39248,0.000864,0.212464,55.432706,378.133254,937.028233,1199.772304,1433.697172,1530.923692,1531.508659,1512.719407,1216.699285,705.896625,328.287615,239.338304,284.784411,228.664959,152.784091,71.560618,27.746239
2019-03-02,7.353592,0.547868,0.212644,0.11396,0.008656,0,0.118087,60.424488,380.08539,819.670609,1026.793328,1203.423016,1239.667904,1106.300032,923.832819,616.877448,365.715603,232.327627,224.010052,228.140921,141.944679,79.719948,41.134857,16.986251
2019-03-03,2.583848,0.410636,0.154432,0.05104,0.00176,0,0.103597,54.066245,357.871822,757.461065,933.638025,1081.13479,1060.441994,892.550212,657.926168,383.981733,246.93963,199.763755,200.374259,203.836122,127.190733,57.385674,30.576225,12.883824
2019-03-04,1.817892,0.222868,0.0036,0,0.001,0.0314,0.092492,50.449952,319.204365,757.931929,1027.734617,1285.242628,1379.668748,1371.11691,1293.718393,1097.704077,688.931191,334.887683,239.471293,283.236288,230.310234,152.696954,70.63869,27.507168
2019-03-05,7.405604,0.971012,0.575844,0.25572,0.127,0.034,0.232005,61.995926,311.513078,663.875581,848.920029,956.565331,948.972195,816.500179,617.795266,387.378891,251.118316,193.211158,211.481189,215.306165,127.053828,64.189142,24.149305,6.341108
2019-03-06,1.08232,0.725504,0.423592,0.03936,0,0,0.050365,30.772904,220.660403,466.695021,684.958892,929.265696,1121.831423,1128.445499,1007.137448,818.129012,552.50706,310.806272,239.587471,267.776559,202.664525,130.744623,53.09261,17.053563
2019-03-07,6.3259,1.27318,0.966728,0.60176,0.12244,0.00072,0.299249,68.465047,430.884894,907.570477,1038.425627,1194.256723,1266.115369,1322.919327,1364.712376,1189.41567,828.697079,422.295923,248.898581,286.427429,221.931864,135.306023,54.49121,19.747431
2019-03-08,6.845552,0.646356,0.552008,0.1958,0.02856,0.00072,0.666167,124.320254,656.855912,1260.80183,1392.771296,1585.847963,1683.058549,1717.558037,1755.027286,1481.842755,1001.751789,486.063208,253.801948,301.016392,244.117534,157.838854,71.130704,27.415333
2019-03-09,7.237112,0.794944,0.601636,0.22344,0.034176,4.00E-05,0.623008,130.796999,606.669624,1029.591823,1042.991242,1185.638768,1329.531045,1218.317282,1061.135164,854.529781,582.253875,319.991884,244.305123,278.249304,206.625696,117.241972,52.081018,16.628341
2019-03-10,2.697896,0.641616,0.656356,0.28624,0.06464,0.001392,0.066845,25.177417,117.094093,222.083114,301.140604,384.646133,440.546315,433.835966,393.914713,331.006094,295.089788,267.34089,135.046537,81.959957,26.010999,4.294187,7.6319,3.93952
2019-03-11,8.00E-05,0.403703,0.17784,0,0.00012,0,0.741238,112.857888,453.144714,828.132989,844.600566,895.434155,872.26892,697.523206,482.583847,356.517145,259.782162,192.490238,192.650437,215.80874,133.690791,61.429931,27.552461,2.413074
2019-03-12,0.0732,0.43632,0.40684,0.0598,0.00072,0,0.464349,82.762095,378.136002,764.183673,928.406487,1078.039092,1111.458327,1042.118369,816.387345,541.281605,339.904011,273.761937,228.398198,250.805178,187.307887,115.319948,50.096891,15.894413
2019-03-13,5.215124,0.793644,0.121376,0.0032,0.00096,0,1.230089,161.420437,710.433162,1242.399154,1285.956265,1390.07447,1488.643829,1572.614055,1573.782889,1438.274391,1019.785845,506.803675,262.022635,297.230606,239.068962,154.459249,64.996433,22.285593
2019-03-14,3.511312,1.333452,0.60622,0.168,0.03232,0.00096,1.1703,168.646287,732.95364,1306.212888,1389.466996,1572.988466,1643.915365,1581.559559,1453.132645,1142.333545,713.133125,384.917588,262.224649,300.656738,242.36211,156.173611,70.016121,25.80042
2019-03-15,6.149752,0.845264,0.59834,0.21984,0.032648,0.00184,0.632094,85.199219,395.02592,815.855823,943.384309,1076.778016,1025.678102,860.572575,724.012522,578.543696,519.986102,319.949538,250.395622,264.76069,194.478854,90.550628,32.224542,12.038103
2019-03-16,0.689484,0.351908,0.125176,0,0.00072,0,1.454298,119.781637,514.587489,1020.74772,1147.015401,1330.076816,1437.951389,1437.349924,1425.047225,1195.631026,798.821433,429.207744,261.863643,295.128504,236.660231,140.82305,59.301643,22.125846
2019-03-17,4.654184,0.46746,0.208,0.12852,0.03156,0.00312,2.367951,171.148884,654.018274,1207.591323,1352.8099,1540.225077,1645.879559,1684.169252,1706.176635,1487.335528,1030.463126,522.964153,270.807321,296.068215,267.279321,167.75431,62.078814,21.811967
2019-03-18,8.28686,4.219308,0.271428,0.20644,0.11352,0.08208,3.560077,183.818286,595.65497,1007.626591,1089.120854,1204.091384,1197.388095,1133.849178,1025.644293,775.372924,528.026077,335.37632,256.648241,274.79137,238.114033,126.499314,42.419154,12.692928
2019-03-19,1.964216,1.489364,0.60756,0.19164,0.033664,0,3.495832,184.359393,662.953813,1153.712883,1221.755654,1375.153789,1449.127939,1441.979613,1393.083399,1171.129751,756.982586,407.482333,267.12281,297.274193,261.081213,169.678626,65.324952,22.230656
2019-03-20,8.614224,1.026024,0.701876,0.283832,0.036704,0.00216,3.018149,129.708671,358.647131,553.78425,512.401262,499.119825,423.187007,275.600171,195.943326,119.469726,71.535007,100.577553,93.976678,83.344687,36.420293,6.850586,0.591549,0.197166
2019-03-21,8.00E-05,0.38496,0.2352,4.00E-05,0,0,1.177421,53.522397,195.852103,374.716182,498.570111,716.283487,823.282818,830.649562,662.074174,537.745093,429.633868,288.329245,212.183026,155.167722,94.926151,39.10267,9.624924,2.532172
2019-03-22,1.038412,0.72846,0.69752,0.11778,0,0,2.544243,133.595703,545.512045,1058.555655,1358.314914,1692.681514,1816.472187,1842.11804,1844.702378,1594.663248,1110.792563,570.269335,281.886448,297.074568,261.542186,165.598562,63.421804,28.338064
2019-03-23,15.114008,7.754152,2.015016,0.233887,0.0294,0.00072,4.986975,240.378624,857.054744,1406.856656,1393.726977,1428.818458,1276.364713,987.137726,800.244052,734.827964,692.971179,502.847892,278.940759,289.087977,248.420125,148.35634,50.616709,16.22396
2019-03-24,1.52708,0.95778,0.56208,0.21636,0.010456,0.00112,8.659093,277.592157,882.045426,1442.27063,1520.752362,1724.175851,1821.881486,1863.945552,1891.666101,1622.91741,1131.482293,588.716723,286.239178,298.894827,265.486022,172.081943,66.896533,23.713595
2019-03-25,9.127704,5.120264,4.58934,4.117312,0.31652,0.00092,6.351676,173.766789,528.327647,857.534839,953.446265,1145.434865,1234.78607,1201.180995,1118.229783,1010.968271,737.758851,431.08761,279.791144,292.540546,256.067564,161.494501,48.774576,13.457796
2019-03-26,1.402512,0.786036,0.607592,0.1812,0,0.00412,6.198148,148.400302,518.804973,1073.166738,1305.975102,1597.214088,1697.420308,1718.502255,1722.211205,1464.306429,988.247683,526.442027,289.799678,307.222114,272.210411,173.785975,66.520061,22.511385
2019-03-27,8.1534,0.834044,0.645632,0.203292,0,0.00072,10.382914,193.924744,583.462154,998.705912,1075.360296,1277.943761,1382.533073,1392.71249,1369.642909,1139.127588,741.565953,391.168104,274.764763,299.398642,257.686792,163.511062,60.883092,20.659128
2019-03-28,8.595804,1.245064,0.604816,0.19472,0.00076,0.001056,5.823068,156.198296,531.301583,1012.350962,1161.670289,1306.363775,1308.731238,1295.827302,1253.536403,981.796187,628.793671,383.248549,273.099211,297.732948,259.731422,157.897411,64.543964,21.960666
2019-03-29,8.62528,0.770376,0.259988,0.126492,0.0006,0.03916,8.44599,179.82961,541.12687,1016.671257,1161.793076,1458.201894,1588.944833,1617.964397,1591.853599,1336.968249,864.062788,462.761435,289.195467,306.917272,263.404158,163.544517,64.360968,22.347803
2019-03-30,8.620532,0.611896,0.246,0.09608,0,0.00316,3.924623,140.247534,522.61826,907.844108,892.444919,1000.373822,1015.819854,1045.212247,1028.616063,917.156379,658.724233,405.714034,265.963596,270.607141,211.121796,120.452223,40.012383,14.288786
2019-03-31,7.41656,0.21544,0.007736,8.00E-05,4.00E-05,0,10.451889,195.140004,610.212405,1010.86019,1131.427209,1300.30774,1404.317773,1421.671073,1369.721468,1205.558405,941.173013,572.701538,296.177197,286.560852,236.015681,134.068442,43.520496,16.620121
2019-04-01,7.640524,0.412864,0.2275,0.05864,0,0.126417,20.884541,338.146913,942.159893,1458.032366,1482.675605,1607.089271,1583.893664,1532.844459,1500.054309,1281.836282,882.578603,485.156422,297.751384,310.798883,265.629414,164.804094,63.44866,21.47157
2019-04-02,7.749156,0.441332,0.246652,0.201208,0.292464,0.41748,24.825923,355.48453,968.702504,1504.700404,1534.448897,1720.082982,1793.328893,1808.04251,1798.116761,1478.481767,1019.783944,564.248461,309.900966,311.12125,275.010995,169.446981,64.481268,22.638429
2019-04-03,8.180196,0.351576,0.122412,0.033812,0.0274,0.179203,27.527746,359.146702,963.351344,1482.222913,1507.249412,1681.08746,1760.076601,1795.957305,1832.378122,1570.23628,1110.589119,614.469235,319.418866,321.142092,279.411397,174.137667,64.220466,21.641594
2019-04-04,8.495432,0.446996,0.245572,0.1034,0.00028,0.151592,28.027503,350.799778,942.71032,1462.129514,1489.936339,1665.914956,1744.688214,1778.715213,1789.602665,1497.974498,1019.190487,566.832226,320.683649,322.583255,278.254644,171.566925,63.908169,22.678214
2019-04-05,8.23294,0.438544,0.242152,0.141476,0.02592,0.111904,14.184021,161.457799,389.063732,735.722755,896.707917,1145.965153,1388.152585,1512.791868,1501.647568,1313.333902,979.67504,566.32238,320.667986,319.616024,278.310236,166.872234,58.138179,19.845945
2019-04-06,8.148544,0.794372,0.602424,0.21332,0.0222,0.186598,31.412459,312.908066,798.580987,1234.956329,1153.85103,1221.307841,1274.773182,1183.44103,1091.136243,894.86733,588.957621,368.250347,277.766321,289.750114,243.367007,152.216605,54.404837,18.065786
2019-04-07,7.641248,0.784292,0.60118,0.23356,0.026464,0.08004,13.796336,143.658735,371.819994,713.858315,876.630077,1060.36109,1084.98446,916.556381,647.008056,424.323553,311.937993,240.852482,190.926913,186.129904,138.145708,68.14902,28.269912,8.422744
2019-04-08,0.99756,0.715168,0.511128,0.10176,0.00488,0.234072,36.265568,341.201348,887.835893,1394.974296,1431.179649,1587.45375,1636.850353,1628.471405,1610.073947,1327.743853,874.904059,497.744876,320.136175,327.287867,286.111916,181.985677,66.483503,22.995191
2019-04-09,9.330668,0.896408,0.63802,0.233388,0.0276,0.102329,35.508902,276.438813,657.303942,995.45742,936.096242,795.893302,601.593738,406.645568,232.104164,132.165178,87.424543,130.648766,161.734155,152.011069,97.385229,35.06228,4.230641,0.562487
2019-04-10,0.270736,0.56882,0.55904,0.05568,0.00072,0.048514,6.071528,86.65358,183.205468,263.405045,311.04939,380.396227,421.35405,420.493184,390.118528,350.220623,332.18429,278.122327,182.165934,101.612905,40.092142,20.264918,2.503527,0.43656
2019-04-11,0.159064,0.475648,0.513504,0.084888,0.166104,0.894448,44.911713,290.496344,588.503781,895.525302,1000.413606,1114.286438,1093.788085,1038.772909,931.170161,774.684737,625.912129,452.4262,330.329923,300.716218,246.888894,117.518102,35.081007,10.056172
2019-04-12,4.108576,0.838484,0.556888,0.10796,0.00076,0.236439,46.659191,370.803816,939.134029,1457.592984,1468.619431,1602.395711,1631.0016,1592.969766,1594.155701,1371.207683,995.527583,561.701268,344.654785,330.092128,284.83619,180.63721,68.043521,24.662312
2019-04-13,8.23994,0.826696,0.64674,0.231448,0.02924,0.197179,57.892345,331.468406,749.805622,1152.800504,1114.650327,1290.223123,1467.532887,1453.05872,1455.60733,1300.961455,978.988819,549.530466,352.819448,338.779875,290.59676,177.576536,63.594063,18.619459
2019-04-14,2.425176,0.821668,0.638464,0.230008,0.023672,0.069075,19.632567,146.221488,277.580522,420.802549,353.78817,347.52183,400.385369,514.38291,662.209566,807.483238,885.929888,572.101528,295.90913,151.296217,84.590693,16.288475,2.730688,0.337508
2019-04-15,0.18628,0.460143,0.3168,0,8.00E-05,0.36177,61.807949,448.61315,1032.701632,1507.168984,1466.52954,1614.384938,1689.904255,1718.343385,1756.540421,1498.593222,1064.026269,618.976175,363.292538,349.807067,305.142139,200.31128,77.72581,24.721182
2019-04-16,8.909544,1.124116,0.668948,0.22062,0.0236,0.295309,70.135077,444.678153,1006.761545,1456.211438,1382.314528,1449.800121,1414.98845,1363.839316,1215.301069,981.104496,668.603856,450.984414,346.360579,347.665364,299.065817,195.498052,69.071634,22.740426
2019-04-17,8.054648,1.52998,0.985516,0.3352,0.02836,0.818771,45.230121,304.937997,748.427382,1228.131402,1277.449269,1451.955305,1450.446586,1448.92527,1503.158458,1365.134687,1025.637044,624.97772,384.264147,354.53227,302.295181,183.173586,64.778215,21.38759
2019-04-18,6.2395,1.796352,1.306448,0.596244,0.610456,0.936785,67.462553,387.124897,864.078498,1219.465016,1110.470951,1177.802286,1161.283024,1133.110004,1222.766436,1093.127968,793.418172,486.786927,334.344143,322.668104,267.686111,162.52001,56.845718,20.398582
2019-04-19,8.710228,1.332624,0.72068,0.28236,0.024,0.073451,19.554088,134.122303,337.468647,520.590539,458.585643,516.727379,598.415404,626.541189,689.004387,607.755874,538.074291,373.177635,286.535244,215.3474,129.264537,47.516482,7.106249,2.146464
2019-04-20,1.016704,0.517732,0.412304,0.23328,0.05408,0.307247,65.769346,355.747876,824.285308,1283.934638,1268.877346,1414.955405,1497.839115,1539.755135,1562.187926,1321.131351,885.720436,527.835508,361.342054,354.332123,310.731073,202.296087,74.585448,25.217597
2019-04-21,9.087668,1.299736,0.626176,0.421752,0.182728,0.280403,43.828261,251.158254,563.537491,842.773264,735.249213,810.689161,887.070895,852.61315,751.273985,648.49434,595.396015,451.795114,347.89648,286.947817,196.562452,99.155813,27.603544,4.008599
2019-04-22,0.558455,1.126924,0.789256,0.068784,0.089464,0.586111,79.372346,428.284952,962.686266,1420.555251,1371.679019,1500.461197,1547.433087,1546.517024,1544.577397,1308.868292,866.531975,534.790702,364.51809,346.914866,305.077313,204.142386,93.797058,40.837506
2019-04-23,15.860108,0.507048,0.2495,0.148544,0.02456,0.54183,70.930309,281.68606,501.897927,664.181429,589.180935,551.414527,470.326386,417.283717,349.80479,239.026926,213.888313,191.037828,171.391599,133.741176,97.050455,33.102208,5.175856,2.6413
2019-04-24,1.28872,1.02418,0.59576,0.2987,0,0.04166,12.217767,99.410437,260.71371,474.349703,568.368189,664.152619,719.20635,756.804242,718.854719,624.204229,542.589316,396.736202,290.141754,199.989122,137.142389,62.639471,12.751804,3.121112
2019-04-25,0.783184,0.531864,0.398016,0.106656,0,0.086483,26.440188,130.697898,236.361129,356.283625,342.886083,371.575918,371.948231,351.188536,228.546808,136.67189,107.83548,152.36707,130.757732,87.287861,35.533792,5.413907,0.411205,0.043726
2019-04-26,0.00672,0.20016,0,0.00012,0,0.084607,16.40522,103.216635,229.789814,360.273213,343.506566,362.580544,335.538301,252.978568,191.343904,140.491819,145.486251,178.18688,143.826216,75.771086,39.488102,2.968983,0.84321,0.083269
2019-04-27,0.00696,0.38536,0.0384,8.00E-05,4.00E-05,1.003462,99.518729,491.993621,1043.068029,1524.627614,1460.792111,1598.198201,1634.554026,1598.884997,1459.304981,1078.621914,662.244793,447.391698,361.328425,364.262947,325.086339,219.821435,84.112175,28.885914
2019-04-28,9.532452,1.130232,0.64502,0.256116,0.02772,0.142034,26.562506,109.385624,197.732307,318.125624,414.536149,661.710394,886.413922,984.12196,1006.04347,894.808111,770.791162,522.959836,363.107362,260.424991,183.484884,94.055026,22.444144,6.477036
2019-04-29,1.325892,0.813496,0.579132,0.20028,0.0256,0.470179,50.543363,207.0552,368.949239,454.147539,338.859064,274.926117,232.641636,210.965709,172.2417,134.370236,144.599648,162.554113,113.730587,56.784628,17.824691,2.102244,0.939336,0.46754
2019-04-30,0.43892,0.39504,0.03556,0.01368,0,0.916764,89.29973,309.479354,593.976683,844.056174,868.442386,994.128633,1116.636548,1147.197624,1152.4374,1013.153175,880.409587,594.277317,416.958649,345.62862,250.940929,133.708005,47.550727,15.21818
2019-05-01,4.011568,1.087184,1.030204,0.966784,0.519688,1.014844,84.142236,349.598615,738.784415,1141.531581,1123.077948,1298.263251,1394.034775,1396.360221,1403.393543,1272.664317,936.479587,603.941877,410.200814,352.932622,318.313556,222.351693,89.984011,30.707909
2019-05-02,11.533196,2.812084,2.591244,2.233648,0.621112,1.947188,118.092226,537.023676,1101.205968,1558.697604,1473.854776,1610.211277,1667.097647,1704.851664,1784.078879,1555.445625,1132.005574,704.478989,425.575225,368.393441,334.61082,222.26318,91.190022,34.618414
2019-05-03,15.484948,5.7164,5.07588,2.91462,0.604808,2.683411,123.205698,546.530632,1095.097481,1523.14214,1422.819643,1543.938972,1593.9221,1617.455854,1684.742856,1474.698669,1067.871526,662.8712,427.045175,371.782095,338.432947,219.312608,86.41576,32.132498
2019-05-04,11.394304,2.563568,2.532824,2.093512,0.537272,2.856816,133.960211,506.646262,985.927376,1351.82078,1279.205415,1365.851448,1345.782663,1307.850525,1277.622348,1110.51418,798.041262,549.252046,409.351729,359.491219,328.861492,227.047518,93.384157,38.689122
2019-05-05,15.917464,6.757664,2.941988,2.0954,0.47978,2.683824,124.022525,451.917614,867.62256,1299.2972,1261.197491,1441.638711,1521.211001,1569.102417,1588.730076,1401.439043,994.274258,623.18972,424.426195,371.980267,321.469091,202.521108,71.862358,23.879298
2019-05-06,10.944072,2.644872,3.536868,3.17116,1.82202,2.77056,110.859249,477.637556,981.884365,1424.436212,1425.107715,1598.664989,1668.393564,1742.805926,1765.125637,1524.015271,1123.098004,704.829364,437.136438,370.93132,324.05782,198.283708,64.537168,23.964185
2019-05-07,10.98136,2.93436,2.427004,1.75012,0.45956,3.511688,136.354308,583.703715,1139.865631,1578.561526,1470.6583,1599.934566,1673.738945,1732.619915,1782.751107,1548.419022,1122.828996,684.941645,438.454935,373.036654,331.887041,222.578744,79.262591,24.870965
2019-05-08,10.460732,2.646196,2.551968,2.02482,0.737016,6.49623,162.065983,557.681595,1050.914201,1438.152565,1312.161585,1360.608584,1354.72601,1301.743613,1145.803591,936.530701,684.763978,453.800227,402.219585,362.31442,315.368386,208.348699,75.293816,26.168798
2019-05-09,14.224396,4.351028,2.895484,2.128496,0.672064,2.978988,117.333327,415.693309,852.403965,1270.144077,1272.352097,1421.053556,1501.275936,1570.028681,1618.863647,1473.108567,1082.03238,656.173495,442.263174,368.323962,314.600813,215.473749,82.115187,27.132261
2019-05-10,11.959148,2.832612,2.566432,2.091856,0.566648,5.377192,147.20364,527.853742,1032.051328,1477.584107,1391.423466,1507.898182,1539.13322,1541.75451,1529.730859,1349.538217,954.540907,595.885346,428.990343,364.841112,316.76868,209.405041,79.575068,31.305698
2019-05-11,18.846088,10.171948,9.294324,2.4672,0.432912,5.504002,144.88262,531.537203,1034.859021,1458.363607,1367.241454,1486.736712,1542.913969,1564.49303,1537.951181,1349.94114,939.353231,598.463781,448.009435,378.032462,324.301144,214.352907,76.809935,22.960299
2019-05-12,10.446968,2.561292,2.381376,2.01244,0.422264,6.211582,144.366227,494.790761,930.814,1324.053361,1249.189012,1341.119421,1407.115376,1436.042236,1459.207038,1332.147996,975.328228,615.51426,435.508147,368.285472,313.260911,207.404639,73.414849,24.202293
2019-05-13,14.109864,5.182984,5.092928,4.60716,0.77492,5.753346,145.656367,507.831989,953.78342,1277.833479,1145.297475,1206.424047,1154.328198,1127.213709,989.932611,757.870324,510.79782,355.948272,354.675253,342.861719,283.984136,186.886288,64.428589,19.749925
2019-05-14,12.602664,5.190644,5.032248,4.825624,0.859008,4.759695,125.807397,433.271304,860.773409,1269.013687,1258.368241,1395.007129,1460.149142,1495.147888,1465.195014,1299.962926,953.696329,612.431348,442.698632,374.784099,322.218406,207.646085,74.412271,21.882085
2019-05-15,12.96898,5.521192,5.117452,4.812168,0.751536,6.415868,149.350148,468.570138,866.151504,1245.275707,1210.5225,1334.299976,1412.07334,1426.394897,1410.088904,1279.322486,944.019245,601.171768,440.894213,372.021371,320.928684,209.194939,80.148275,24.701146
2019-05-16,13.100388,4.783568,3.875896,3.25944,0.69252,6.06897,144.55985,430.358809,864.504088,1310.093314,1291.452815,1432.746454,1491.959963,1504.025026,1474.767906,1302.270112,947.770384,607.106709,445.279249,379.81262,325.672576,212.922947,77.26449,24.795837
2019-05-17,12.543692,3.95948,3.736752,3.21656,0.80324,9.858883,165.276386,523.149805,963.8213,1263.158379,1045.091354,981.914866,895.891594,779.20218,617.146666,448.670749,332.019106,263.20367,319.564204,303.545257,239.945515,102.785147,28.032161,5.754579
2019-05-18,4.133487,3.83754,3.482604,1.53052,0.19948,0.323112,24.403722,123.266866,304.336143,520.838463,592.901293,675.082929,654.897326,615.532634,562.711087,425.328416,362.82533,299.779217,326.349745,271.397348,173.341973,67.872072,14.655812,2.747236
2019-05-19,3.429812,3.127136,0.589304,0,0.00234,4.995707,85.043439,258.656894,477.222804,697.514535,591.292435,568.34445,535.393204,504.72783,430.691497,347.701409,272.340273,214.599483,254.946871,237.76545,110.01521,31.324495,7.098932,1.720904
2019-05-20,3.500688,2.99856,1.90392,4.00E-05,0.00134,1.519904,63.09171,227.755418,462.936439,723.838946,807.435217,969.331865,1189.778687,1416.469255,1518.373129,1446.955477,1209.232151,771.616654,480.246839,379.586695,306.96939,179.893452,60.523756,17.591344
2019-05-21,10.149908,4.757276,3.6551,2.21844,0.59316,9.312307,172.455881,644.495044,1192.929221,1617.813682,1506.993374,1626.567142,1686.152382,1737.367028,1768.731285,1580.82753,1183.241629,748.0674,475.379023,389.857434,329.75167,214.448184,76.323871,23.330976
2019-05-22,12.148676,4.071968,3.889432,3.283652,0.970624,10.777538,175.624579,632.84066,1170.630678,1590.450296,1474.891466,1587.471561,1651.198026,1706.754766,1735.216536,1529.244526,1135.972858,713.624173,478.132464,395.826166,333.420725,212.053316,77.342402,24.429602
2019-05-23,12.241596,4.623988,4.948512,3.646468,1.083888,9.656214,166.539127,570.189577,1081.34496,1506.399742,1410.340996,1527.010636,1594.859687,1648.218742,1690.26234,1512.071291,1126.761456,716.594183,478.655027,400.800911,331.860981,212.343893,78.69195,24.623066
2019-05-24,11.966572,3.11352,3.013128,2.60832,1.490936,12.027294,166.139502,550.84729,1031.484098,1431.03072,1342.281522,1456.092847,1508.327979,1547.20984,1557.523038,1402.60373,1020.942285,634.533478,468.675262,393.926512,326.415963,211.236657,82.011885,25.577217
2019-05-25,11.6292,3.609548,3.097744,2.66736,0.8544,15.728801,176.231924,455.822043,826.018552,1181.920673,1122.668723,1197.796341,1227.130324,1272.139462,1215.766811,1053.756006,716.890633,532.47019,453.958915,387.989492,321.991201,203.908784,74.144072,21.333366
2019-05-26,11.471968,3.627276,3.530004,3.028504,0.846448,13.174827,186.535638,547.019943,1013.698957,1416.241699,1328.584207,1429.694946,1447.849543,1395.088624,1275.146432,992.071791,647.406632,426.410114,397.84875,355.622352,277.454315,150.658902,56.324285,11.454119
2019-05-27,4.163008,3.301412,3.01738,2.55588,0.81924,0.336814,11.57609,47.507143,101.243058,149.901444,169.910827,193.094232,227.222868,215.835723,164.863399,113.343329,100.049434,114.032611,118.10233,39.112281,10.05746,1.561556,0.6474,0.06196
2019-05-28,1.19128,0,4.00E-05,0.427616,0.224136,15.026193,182.49135,483.696887,896.094841,1284.35559,1192.877863,1311.513242,1372.653081,1427.760741,1434.536486,1305.829216,1066.084933,725.846482,498.390191,395.230128,326.512121,207.69135,74.677879,21.806006
2019-05-29,11.23934,3.753976,3.0308,2.515836,0.907416,16.39339,195.655166,624.591085,1129.59625,1531.90022,1425.534289,1550.406738,1624.504422,1683.698278,1725.348248,1547.224654,1166.79782,756.21004,499.139331,395.271486,328.812034,212.376669,77.916089,22.981061
2019-05-30,11.481532,3.876084,3.130044,3.061076,1.17312,21.418844,199.659905,512.87823,972.269703,1394.67445,1329.0287,1368.879716,1287.81292,1123.154585,903.133888,615.412099,373.938386,306.249941,367.295528,365.187812,296.829238,187.815411,60.903685,18.916138
2019-05-31,5.390784,3.263128,2.942744,2.529572,0.78834,1.869846,68.489261,319.54968,726.461249,1144.666048,1187.032901,1390.433896,1474.538493,1491.025815,1477.356061,1398.592624,1100.163067,735.873947,508.439884,400.99433,331.46206,211.730478,76.203315,22.017711
2019-06-01,8.586784,3.897772,3.685132,3.715668,1.65238,18.136961,199.492807,563.212868,939.357857,1256.039893,1219.875165,1319.238465,1346.848954,1277.662718,1184.738643,1025.476617,771.882285,561.643735,493.024143,403.195479,323.937839,209.775392,77.568188,22.422897
2019-06-02,10.03698,3.088716,3.013568,2.596008,1.251072,16.358968,188.321228,585.418838,1062.405232,1431.810621,1296.917232,1420.791163,1462.424338,1449.824732,1423.595586,1354.509358,1088.408749,727.91516,503.782131,403.165318,332.55463,213.365685,78.8201,22.392918
2019-06-03,10.6471,3.211784,3.077516,2.5942,0.829408,16.437933,191.09078,571.926795,1043.992338,1440.176831,1337.569693,1439.120678,1506.720754,1561.664547,1572.106283,1405.316647,1050.336189,701.528909,517.316863,405.79832,330.063705,210.87332,79.142257,23.550034
2019-06-04,11.345824,3.369424,3.040316,2.6368,0.83384,17.032124,190.622125,560.29067,1022.826458,1423.224475,1324.191053,1445.370711,1501.109987,1542.585342,1548.539081,1401.528815,1039.217383,687.23728,497.271141,402.863558,331.24579,213.868948,80.774408,23.658534
2019-06-05,11.370004,3.139924,3.12064,2.673496,0.82572,13.241185,149.122751,459.58969,888.666124,1279.512669,1212.385586,1374.386584,1474.450573,1517.781818,1508.699129,1372.007886,1031.013447,694.579854,484.162698,391.85167,321.130391,211.544106,89.750619,35.051984
2019-06-06,21.830836,6.975264,3.108596,2.596448,0.82808,15.756236,173.679598,400.626073,625.547588,798.348898,751.544427,801.709752,720.441641,595.397716,444.588371,264.447601,158.536565,177.60231,246.693367,267.045417,156.393135,55.879176,12.31276,1.173252
2019-06-07,3.089864,2.916028,2.599248,0.52656,0.00732,0.172739,16.865614,88.99146,174.278232,304.536812,308.185322,391.210276,455.653806,496.178786,424.999472,386.970644,396.787364,368.240852,326.906856,183.654061,83.906421,22.542131,4.834751,1.689829
2019-06-08,3.090612,0.707056,0.000888,0.00216,4.00E-05,14.409356,160.042398,470.978173,856.432205,1219.367884,1131.747081,1172.444114,1228.554081,1228.515532,1196.761823,1035.493103,824.930654,596.29858,501.340967,375.318199,298.983814,189.239573,65.239906,21.309865
2019-06-09,9.113784,3.223532,3.055716,2.634192,0.78788,9.637894,151.058211,486.4437,922.171772,1264.300029,1202.985498,1313.873608,1328.14719,1311.266485,1206.580312,1043.801205,781.557302,546.508579,459.706411,378.548566,302.940891,198.056886,75.244777,23.948065
2019-06-10,11.577072,3.29658,3.035748,2.67746,0.81964,7.407533,104.801716,315.55452,582.00098,818.655006,759.326529,790.749433,798.549035,806.642833,744.033368,607.299727,575.436343,450.129734,393.689808,312.656728,227.329973,115.90063,32.15585,8.867656
2019-06-11,3.248171,2.47822,1.687228,1.18728,0.17064,9.221694,120.002601,377.121492,764.951801,1104.722992,1003.58293,997.825,1048.206772,1106.412874,1095.830072,1038.04875,911.783924,692.999012,517.085754,375.283616,275.049438,127.969195,37.118124,6.678075
2019-06-12,3.751787,3.237292,3.021808,2.482576,0.83288,12.000748,156.245138,475.028906,885.686349,1298.084152,1275.780177,1401.072881,1459.402284,1494.629551,1478.62274,1335.221956,1074.17821,731.218371,526.740954,401.776228,332.165295,224.302186,82.332687,22.39314
2019-06-13,8.56192,3.113284,3.092532,2.579256,0.82852,14.646731,179.447581,563.872998,1049.332547,1443.09172,1359.161498,1478.581874,1513.685192,1541.662041,1503.914553,1301.739546,920.304694,607.971373,489.214695,391.654681,331.993619,223.885617,89.578457,24.732421
2019-06-14,11.96738,3.812708,4.223352,3.643692,1.90296,3.741662,65.131351,182.033696,343.999373,536.653089,567.054014,697.955515,704.131363,633.916753,574.744987,484.722489,419.28762,388.697474,368.393782,221.017007,125.260529,48.14245,14.3441,3.57384
2019-06-15,3.291532,2.820484,1.39732,0.01452,0.02004,9.185176,151.950585,475.158098,895.194082,1288.265388,1202.35937,1282.125615,1375.308283,1391.225128,1347.761043,1180.977347,953.585017,639.373907,484.523523,385.864043,315.256251,208.502324,74.01972,24.423009
2019-06-16,14.567088,4.262556,3.366952,2.639996,0.84944,11.82501,165.340186,525.595597,1004.416434,1425.437677,1280.844553,1311.359197,1320.332502,1304.655368,1227.327069,1081.993983,876.009768,598.266727,503.086755,393.188013,323.447586,214.049981,80.084242,21.584655
2019-06-17,10.30074,3.219764,3.069872,2.443716,0.81472,10.627066,149.698699,431.52194,827.99986,1229.155754,1208.827255,1374.450409,1441.64515,1470.728816,1408.884829,1337.044503,1057.151376,722.174628,530.620901,405.73825,331.499434,219.623147,84.590056,18.766033
2019-06-18,8.682908,3.990264,3.555984,2.601348,0.82656,10.977207,112.099245,249.427491,380.724656,505.800375,596.443869,746.800595,805.114786,823.486873,805.151502,680.308236,655.570185,510.801461,444.052026,332.438362,220.82467,98.462839,26.351246,3.480088
2019-06-19,3.091944,3.250032,3.024672,2.332432,0.875888,6.558641,91.832056,285.981922,572.941376,891.070936,860.078414,1005.961908,1080.359338,1129.662413,1095.277707,983.278936,825.765038,608.348798,509.27069,391.094878,315.191753,199.210634,64.465001,16.07106
2019-06-20,6.051016,3.1325,2.858156,2.321716,0.5452,13.193371,155.438616,471.556449,868.488749,1207.200498,1143.125051,1255.712155,1342.657481,1370.88306,1318.628445,1148.652689,923.959984,660.835479,519.622436,399.329059,329.463184,223.35168,89.481367,25.691791
2019-06-21,11.649404,4.70906,4.680224,4.32618,1.77468,12.264917,160.125527,469.922147,879.405071,1208.461105,1146.62,1302.462991,1391.136791,1408.153227,1407.308495,1302.427596,1010.463939,701.086544,508.893143,399.763018,330.099462,220.232959,84.726836,24.273438
2019-06-22,11.879172,4.395476,3.616732,2.570052,0.83164,8.960937,142.946675,435.295366,815.220755,1160.106321,1112.317873,1215.064989,1296.731979,1336.525779,1301.190707,1119.610611,922.939171,656.306496,501.825847,390.688058,317.759282,219.749081,75.365658,14.569367
2019-06-23,4.976536,3.335532,3.058716,2.459228,0.81776,8.755882,129.751376,446.258458,863.565711,1254.262569,1200.350987,1310.728675,1358.356452,1361.526715,1362.320831,1229.539643,996.579772,709.337845,517.24546,395.134193,326.295886,213.098881,72.147076,16.866457
2019-06-24,5.390572,3.348744,3.035268,2.629792,0.8576,9.718871,144.852023,480.22895,918.519399,1292.229331,1254.690105,1391.77698,1420.526411,1434.978159,1435.785955,1360.374889,1080.475742,745.417605,528.56355,395.961644,335.724597,231.48399,89.142113,24.194345
2019-06-25,7.856512,3.110444,3.021828,2.567344,0.80768,12.524056,171.551408,561.755201,1056.213717,1465.820251,1326.389463,1423.081368,1468.276199,1488.425755,1457.520939,1305.614187,1020.40817,719.010325,518.828597,397.439896,335.461363,231.348021,88.081746,25.40783
2019-06-26,9.912532,3.320408,3.07974,2.713336,0.92516,9.140095,94.724531,206.939684,309.220285,382.397074,340.238483,329.837762,337.112889,363.832067,372.306962,380.332315,405.834039,321.493645,273.261117,158.912036,50.618667,7.804252,2.736656,0.356464
2019-06-27,1.99728,4.00E-05,0.0002,0,0.00652,1.554788,54.564708,196.8066,379.032408,610.999287,699.55957,816.235816,923.313703,961.571984,957.353495,918.512014,863.173717,616.022561,484.016053,364.732899,273.600565,149.311093,45.459408,17.776669
2019-06-28,7.179756,2.868004,2.486876,0.0711,0.01016,5.812969,113.431645,347.154617,653.737614,999.086009,943.865621,1028.72742,1105.022769,1194.50522,1210.721121,1115.538345,840.40724,619.334537,485.588844,368.768012,294.40857,190.547775,69.170435,21.997517
2019-06-29,12.06384,4.949052,3.118608,2.174156,0.96608,1.467324,29.409802,77.818491,159.072549,288.400398,337.778844,397.912506,396.712501,329.389971,263.878097,209.001978,209.926194,211.182461,228.658763,109.029106,44.514642,11.023132,3.9277,0.2596
2019-06-30,2.27912,0.16896,0.00016,0.00012,0,6.082482,109.269216,342.01272,594.54465,856.917892,759.81368,840.344018,883.280003,935.832055,895.531887,793.230525,731.695942,573.689015,456.449575,340.953938,264.021701,128.797459,35.179633,5.01118
2019-07-01,3.684588,2.952176,2.735736,1.694364,0.303816,4.562685,109.642665,258.100688,440.495429,635.365674,584.416952,657.914646,667.111436,669.771418,695.352885,644.960247,643.682927,563.007011,463.213302,243.482895,141.50391,55.035473,14.793993,4.601585
2019-07-02,4.311836,2.949072,0.78372,4.00E-05,4.00E-05,8.878868,141.54867,453.593996,885.850788,1285.879876,1212.315946,1345.009602,1387.601976,1465.911215,1460.240605,1344.576745,1117.4703,829.106674,607.881046,439.267157,330.361548,229.013853,83.181488,24.186245
2019-07-03,15.65688,10.480852,8.118584,3.77574,1.70544,9.526482,147.655518,410.793475,711.53396,1058.907052,988.285651,1039.822967,1049.761076,915.307215,824.075512,824.330085,829.338396,680.498557,569.003408,419.057683,294.169621,164.891219,47.760582,14.654387
2019-07-04,5.445648,3.88754,3.480332,0.767088,0.0072,8.210214,144.051613,491.669011,986.929533,1466.145255,1388.589763,1509.225943,1550.086323,1577.09354,1547.942939,1362.25447,1032.906121,738.380327,584.482493,435.430271,333.672075,232.696468,93.22726,28.216829
2019-07-05,11.485328,4.320816,3.82808,2.797344,0.82108,9.968706,163.058979,482.167564,903.748434,1308.433959,1264.84426,1386.665771,1463.910458,1468.106293,1479.636621,1365.604235,1109.248866,786.28921,572.521227,435.671961,339.775687,236.296039,92.265906,26.867699
2019-07-06,12.144348,4.590832,3.836812,2.840108,0.7914,8.5803,154.352037,547.623772,1064.917374,1502.317556,1393.741475,1522.818587,1583.100458,1632.574485,1697.186342,1555.574554,1205.186712,833.915993,574.235432,439.247475,365.654077,233.56179,94.455516,26.543031
2019-07-07,10.87292,4.378952,3.851512,2.7788,0.79208,9.13471,141.416867,445.414028,901.350307,1271.621144,1189.648917,1319.267236,1321.521273,1280.150878,1101.767364,857.27397,591.721176,501.878083,491.120029,408.181445,326.845284,193.605716,66.081015,19.303467
2019-07-08,5.56572,3.954016,3.6848,2.413884,1.12364,4.43182,109.599276,358.219584,717.840612,1094.589875,1057.152374,1207.149799,1266.010703,1236.828422,1119.243006,969.190354,783.41945,636.404531,549.404157,423.266911,298.14663,198.899498,71.444422,18.757083
2019-07-09,9.722507,3.943384,2.415116,1.383732,0.22444,4.744661,118.745506,454.805164,885.342483,1208.647421,1029.035021,1032.79776,951.437745,824.531839,777.929169,780.180365,695.797966,564.235684,510.353394,367.366101,237.000537,105.353212,30.578317,6.246424
2019-07-10,4.877386,4.625296,4.796076,3.003428,2.1102,3.670859,73.009909,227.402394,375.294583,455.807002,386.314354,392.32125,355.9531,311.227416,260.773814,225.597317,251.793429,234.163511,194.513193,89.78665,33.773832,6.069458,3.94252,2.10412
2019-07-11,2.246,0.08932,8.00E-05,4.00E-05,8.00E-05,1.499595,54.226331,203.238547,423.555458,650.213731,607.970368,686.009631,725.896735,710.203184,625.069113,499.42548,464.007784,411.085355,412.080782,270.743481,162.59571,51.37369,11.365895,1.999864
2019-07-12,4.236852,5.1227,4.07524,2.51812,0.37088,3.586178,104.526669,366.401998,737.986559,1084.306087,1010.545676,1167.553498,1215.630544,1225.577607,1246.251548,1084.442301,877.275882,604.639028,510.510405,422.579209,318.822129,201.972713,70.89182,19.731805
2019-07-13,11.302276,4.527728,3.87192,2.60156,0.18216,3.48327,64.628191,216.998852,370.316089,600.686779,679.836915,764.960497,802.251479,832.751721,875.534016,897.90075,897.291866,711.236311,532.876437,351.249257,242.215412,106.84859,33.692144,9.446756
2019-07-14,4.746688,4.021356,3.76192,2.833504,0.82952,3.910293,120.299513,393.52418,785.86391,1151.84293,1089.756547,1195.44328,1249.939477,1252.299302,1211.176672,1101.91835,891.972558,661.754367,535.281056,423.02462,346.07182,209.809381,80.520446,21.68698
2019-07-15,7.267276,4.1861,3.076748,2.414452,0.44534,2.033631,85.492645,270.261637,510.989007,733.349866,664.054947,714.006285,755.927109,823.285305,875.452041,819.495444,702.843134,579.18173,491.523573,350.247521,237.248446,152.849839,57.885478,15.804875
2019-07-16,9.559284,4.059644,1.525444,0.461436,0.08078,2.836352,107.50959,358.410492,686.088368,1031.147946,963.804985,1089.541824,1143.805351,1179.309862,1197.67175,1138.067438,923.372412,683.590562,549.12032,426.602981,329.26943,206.00654,79.429419,22.58084
2019-07-17,10.334584,4.301488,3.664904,2.308884,0.09596,5.011124,130.886179,408.793663,807.238234,1139.50801,1027.685747,1130.522627,1134.510766,1074.726306,979.659457,790.676816,599.640531,432.078857,431.372094,390.297563,303.517803,190.462196,71.291825,19.806572
2019-07-18,6.328455,4.872268,3.773772,2.711108,0.67396,0.448048,36.910745,203.979725,495.2519,722.502576,646.103151,749.510993,769.219485,773.44366,810.54951,745.421788,622.231565,522.573789,441.60099,309.035046,183.002091,68.377321,23.56813,6.165687
2019-07-19,4.233332,2.8612,2.43588,0.4619,0.00504,1.841389,72.098957,277.707327,515.57926,668.977049,597.120595,610.475959,622.15724,575.48725,480.227351,350.041895,326.370261,353.456625,302.813247,187.311686,128.626684,40.339787,11.8891,4.695228
2019-07-20,3.21856,2.21952,0.57724,0.00016,0.0036,0.162467,16.003746,84.441798,202.700398,322.410558,322.875445,414.852757,442.602573,425.824897,366.445054,254.806412,220.32187,233.13099,261.493939,139.857368,61.329705,10.68762,3.314292,0.967508
2019-07-21,2.706276,0.842464,0.0008,0.00012,4.00E-05,0.183515,7.477795,57.326891,162.413235,295.026439,330.421044,394.630454,467.559126,488.134954,502.705215,502.382241,579.61294,484.783804,402.631852,229.300425,96.690623,19.398467,6.825257,0.175486
2019-07-22,3.1699,0.79176,0,8.00E-05,0.00948,1.931107,57.147424,226.7216,463.007197,779.107996,822.984609,1008.71091,1130.74083,1219.785265,1240.799231,1138.839017,915.518372,679.938455,507.304004,380.195327,303.953614,160.647071,50.830876,10.320827
2019-07-23,5.772155,4.577188,3.674528,2.678284,1.17832,2.182628,70.044055,290.255723,616.828588,968.575646,944.270995,1087.240871,1202.865806,1264.429137,1250.048919,1132.023554,959.380463,673.565465,528.027951,409.954576,341.187421,212.649713,72.780076,23.831353
2019-07-24,10.276428,3.573728,4.203524,3.852156,0.98364,0.424432,31.595206,135.486193,272.005516,405.195423,441.617683,563.488308,692.52151,636.120432,433.058877,338.863903,391.998705,408.819741,353.329132,227.549641,151.661798,56.187271,6.053467,1.401405
2019-07-25,3.675738,3.38308,0.91016,0.01548,0.00936,0.67346,12.279294,48.230084,133.865344,274.208842,330.293573,395.742448,446.117685,471.412289,411.503055,373.870475,347.756506,287.297813,289.552766,186.797641,121.786749,69.759274,17.10382,1.5139
2019-07-26,3.67144,0.97056,0.039968,0.00012,0.00144,0.513743,35.67766,164.170158,304.049026,414.369664,402.608571,521.757992,456.715315,419.125385,395.200915,323.634177,304.452785,266.336156,277.242018,195.944552,126.065006,40.091248,8.354796,1.209004
2019-07-27,3.50416,2.978128,1.18092,0.71284,0.00072,0.810892,50.315,207.364499,361.426406,453.658089,437.308016,541.474575,618.306221,655.000817,676.196452,556.745412,487.00346,379.909847,330.065156,173.135117,102.591485,41.251364,12.997968,4.302408
2019-07-28,3.7962,2.41204,0.75444,0,0.00012,0.561867,32.084187,175.234178,355.572533,475.47307,455.507222,572.395001,616.469604,560.729515,535.11136,519.589846,528.338734,478.654739,368.310582,217.339654,144.157762,91.794654,28.936084,9.794744
2019-07-29,5.687656,3.06794,1.62124,0.59776,0.00432,1.084027,80.487878,356.97227,690.801505,1039.406925,1022.253449,1153.00211,1231.588614,1269.950982,1249.718455,1189.503088,976.680853,730.660402,533.43548,400.768524,320.935796,194.760401,74.481611,21.014144
2019-07-30,11.552944,5.206112,4.182628,2.662444,0.7558,0.956431,62.397985,287.707065,573.790234,865.593463,868.141278,1009.550372,1085.598854,1121.959102,1090.379723,918.8631,797.981703,638.218957,489.543234,379.350334,277.67636,160.92272,53.212069,13.18582
2019-07-31,3.6281,0.41852,0.353,0.312,0.22188,1.023391,66.228561,315.060429,609.568464,825.850671,810.865589,940.135004,1015.195382,1021.537973,1004.980996,997.711336,883.135768,657.021645,459.758483,336.637234,274.312986,183.580934,72.337155,15.650216
2019-08-01,2.73076,0.343156,0.194864,0.184964,0.06188,1.042973,76.644736,389.412852,817.757166,1110.039326,1065.565897,1216.048554,1288.790102,1336.217123,1358.503456,1332.783029,1078.144743,769.913152,538.692907,418.051227,361.741318,232.031543,92.463233,26.576183
2019-08-02,8.645088,3.528696,0.628016,0.636436,1.0472,2.062632,86.896143,449.942748,963.967582,1379.630877,1253.526593,1356.951061,1412.267622,1445.990293,1493.524837,1441.457002,1128.690994,771.118206,540.30321,428.001049,379.200044,248.689912,101.252141,27.716391
2019-08-03,8.596436,1.782072,0.807324,0.158952,1.064656,2.137474,102.951509,414.313243,836.643329,1271.981681,1205.590337,1328.201015,1359.583975,1345.251104,1291.105729,1065.434762,772.269264,611.050507,513.203263,423.204217,360.550238,231.385187,95.935952,26.56338
2019-08-04,6.142388,1.86534,0.837948,0.156236,1.03156,1.669048,88.420123,402.577898,872.760851,1328.385581,1242.084223,1340.6938,1343.111714,1306.074791,1303.768616,1240.355597,978.349918,695.410705,519.012192,421.812571,367.745238,231.135955,96.432322,27.989302
2019-08-05,8.982708,1.679084,0.65556,0.414952,1.32468,2.053373,90.536321,407.59003,889.68324,1354.169784,1274.286915,1370.87114,1354.631401,1350.831321,1324.012089,1205.608155,903.901373,631.524284,513.256266,422.644808,360.972036,233.831096,98.13892,26.920841
2019-08-06,9.950208,2.140208,1.098592,0.845944,1.112428,1.995256,84.080924,388.20017,834.250135,1197.362683,1058.63744,1091.207445,1064.051816,999.989869,904.961959,754.951371,635.639395,512.187208,469.998288,391.236657,326.80329,169.752268,57.19538,12.051642
2019-08-07,2.609136,0.393388,0.173972,0.135536,1.025268,0.358103,41.176968,241.955715,552.041198,939.222038,929.801823,1074.692241,1126.164493,1154.518878,1165.20726,1135.431078,938.986878,660.526717,499.335866,395.886384,343.162251,230.772909,82.913387,21.041725
2019-08-08,4.361952,1.218012,0.401112,0.029812,1.01304,1.491275,71.464068,354.976587,772.908362,1165.750589,1088.352084,1131.765702,1123.632137,1086.944086,982.677578,819.847818,673.501191,491.807006,465.835917,392.25431,339.066869,204.832082,72.672339,20.289602
2019-08-09,4.371036,1.386032,0.33806,0.00084,1.02604,1.407525,72.455037,385.184573,841.984191,1237.302608,1191.096406,1249.20232,1293.123603,1285.005263,1259.478736,1081.994346,885.455999,657.114044,514.992098,423.787168,367.916007,233.333258,95.50377,22.989085
2019-08-10,4.918048,1.564264,0.887088,0.64158,1.556912,1.710275,80.816611,386.757727,838.769325,1238.647862,1185.108492,1309.366547,1272.662919,1296.079783,1356.267425,1288.508631,1062.935506,734.249348,507.035252,413.286038,360.700536,223.427433,78.160703,19.447984
2019-08-11,3.312736,1.211808,0.42428,0.170576,1.068644,1.215256,77.582044,337.092303,716.926368,1097.560278,1056.863118,1138.621164,1150.700831,1050.969311,898.293343,711.147013,487.242303,372.691248,357.483759,326.005727,247.722328,122.45619,46.297858,10.831968
2019-08-12,3.171148,1.689296,0.439784,0.168168,1.08176,1.206852,28.519525,132.018728,313.270552,551.816617,535.658261,599.768973,642.333401,682.704764,710.085069,658.415159,647.628988,507.940514,404.688123,258.178336,150.537332,52.959253,15.439356,2.307164
2019-08-13,1.712736,0.51402,0.025664,0.024432,0.99072,0.921702,58.29914,358.117254,827.85624,1266.091839,1182.372388,1193.582584,1210.444108,1260.19466,1290.280451,1228.332425,1010.549917,652.24328,454.129534,390.849278,371.626794,260.097131,108.806594,29.885537
2019-08-14,13.556964,6.751356,0.82604,0.175872,1.144292,1.273922,63.587475,373.3098,807.602558,1202.551892,1140.562108,1222.508014,1262.698272,1243.934429,1204.260078,1097.919148,885.266214,617.882992,474.636314,411.214936,360.589105,234.057647,86.339628,21.4242
2019-08-15,7.186696,1.219804,0.280392,0.181744,1.067628,1.032391,23.925663,154.052036,361.605455,581.486299,599.410022,638.612118,646.427552,635.56049,551.660622,460.45519,454.121662,403.080258,364.192387,277.195923,172.907423,87.167621,24.255194,9.979104
2019-08-16,0.287084,0.00114,0.01528,0.02464,1.00232,0.905949,35.930329,196.951738,457.168653,794.716463,818.980727,938.171964,1012.743701,1123.366813,1152.983375,1084.839421,961.621215,685.058838,483.788563,402.980598,336.829432,200.576194,66.158146,12.310113
2019-08-17,4.07798,0.644808,0.140108,0.0437,1.062336,1.303652,66.587161,385.661361,823.387196,1173.627048,1081.350238,1178.574011,1205.981185,1192.241315,1186.85215,1086.405608,836.699365,580.776376,458.538166,397.176186,303.793389,206.769844,85.826592,23.416388
2019-08-18,6.180132,0.52078,0.443196,0.170396,1.179032,1.487078,64.965953,359.663023,832.654023,1302.593739,1270.148109,1423.697032,1490.442809,1531.309479,1583.762466,1464.044672,1119.468901,748.478596,499.115832,425.016499,382.38595,242.697247,102.486271,27.518754
2019-08-19,7.375384,0.379924,0.220476,0.181656,1.160752,1.332596,71.963127,377.81184,833.215408,1318.635817,1220.051252,1285.080282,1290.521934,1298.420742,1275.247805,1139.302419,912.750211,649.414158,493.235786,420.287145,369.736561,231.135418,91.384137,26.129003
2019-08-20,6.667908,2.168004,2.445696,1.861828,1.100112,1.089254,58.817178,368.788513,856.563551,1263.537359,1167.389994,1240.6132,1205.923768,1121.171171,1059.78627,969.551218,813.018596,571.461254,450.050282,396.022482,349.248489,214.988313,71.255348,16.490768
2019-08-21,4.813416,1.263848,0.680964,0.70814,1.176912,0.787203,49.638936,264.752914,569.74768,875.162669,848.220535,954.53248,964.966651,931.387237,839.567045,651.345191,530.73337,406.439219,401.682418,362.969697,286.672668,115.90345,36.9904,9.45348
2019-08-22,2.582048,0.415292,0.196988,0.064376,0.97728,0.118267,15.324326,109.910863,261.568619,551.430495,658.95434,794.946502,916.461016,1071.498477,1130.530569,1065.883735,954.200094,586.065165,417.199736,349.353751,292.299434,163.478722,52.452788,15.436645
2019-08-23,1.778404,0.2861,0.37132,0.461252,1.286708,0.260801,28.654598,204.904864,468.147625,775.462938,828.935458,970.700143,1100.947828,1175.455771,1152.684316,1043.303599,918.155952,598.303178,424.341713,353.765468,273.480272,123.550096,41.8693,10.208712
2019-08-24,2.9142,0.855748,0.192388,0.192048,1.062704,1.269269,44.933233,286.125091,550.865546,801.38823,691.446376,753.764793,921.728477,899.580006,805.719838,659.449138,604.033756,428.625458,389.205058,345.254804,252.660871,144.115124,45.684916,9.785611
2019-08-25,1.774284,1.508004,0.751604,0.499776,1.29336,1.069891,30.383187,247.099918,612.774221,923.679487,942.301134,1034.847307,1160.414099,1178.618527,1082.094121,967.960605,920.045024,639.987352,439.422001,365.428877,258.362666,120.234963,43.44734,11.56866
2019-08-26,3.310984,0.824992,0.175552,0.184688,1.044752,1.025086,49.519353,370.045113,893.070699,1339.288564,1262.87661,1339.27221,1352.70495,1382.867449,1373.143665,1191.99867,843.682157,535.344735,421.019935,415.823749,352.783741,199.361707,69.046709,22.425488
2019-08-27,3.841688,1.344824,0.421788,0.195476,1.115544,1.039642,5.375233,61.113645,213.290372,311.10663,342.084492,426.2183,452.842689,487.471506,488.79992,461.602074,439.262962,353.767299,270.259058,166.311079,103.728018,24.109792,6.371776,3.176788
2019-08-28,2.15332,1.49512,1.54508,0.57132,0.45216,0.027372,7.441175,100.455919,275.512608,543.903179,638.609417,835.035773,906.792758,903.842621,768.67219,571.981762,519.932697,493.952695,421.319822,331.835495,215.505818,73.503685,15.375023,4.317311
2019-08-29,3.010872,1.533048,0.059272,0.00508,0.99564,0.379705,15.079289,129.180774,307.241214,456.15707,451.463045,452.573897,414.151207,438.06499,469.392312,441.178296,484.175196,395.853383,297.68131,144.877543,61.368937,12.64718,1.6567,0.845784
2019-08-30,2.759736,0.53316,0.148572,0.148572,0.61292,0.275441,47.13698,373.678033,932.30345,1398.369512,1293.186832,1439.65483,1469.03656,1415.993927,1345.303232,1228.381324,987.219439,651.467845,443.134525,435.208606,384.663541,245.591343,99.461664,25.020693
2019-08-31,7.942116,3.65576,2.065912,1.016896,1.039584,1.131076,50.414664,357.261793,820.76757,1213.512182,1166.521523,1288.234725,1347.2023,1350.860559,1349.879592,1249.030422,917.970424,578.362986,443.341288,430.922217,373.981705,245.218163,96.030269,22.766195
2019-09-01,6.486468,4.079488,1.928156,0.775932,0.99752,1.055351,41.888407,261.019965,627.036329,892.259655,790.443418,786.843239,709.608633,651.090327,557.554159,450.687515,408.460601,349.83794,326.152363,266.194848,175.404106,63.021843,20.486558,8.646576
2019-09-02,2.829188,0.202348,0.09772,0,0.7382,0.033829,17.616848,145.782088,360.877778,575.371795,573.586235,613.26316,656.962582,650.590969,530.111593,354.161321,282.768593,278.276887,292.881444,228.574718,102.050594,33.862193,10.08297,5.154124
2019-09-03,2.385932,0.17948,0.01908,4.00E-05,0.38792,0.025088,7.893137,80.080141,183.129349,309.242824,354.015387,435.393766,518.893302,509.647932,435.560989,336.861082,328.482291,288.830959,285.253929,191.280185,55.842978,6.562742,2.328298,0.588088
2019-09-04,1.674792,0.15528,0.001,0.15286,0.997,0.048033,4.100416,56.021757,191.99219,366.015537,431.11927,534.140817,571.990999,521.537544,425.644479,317.460865,294.770057,300.466307,311.64725,200.61744,82.403263,17.321268,5.270652,2.801748
2019-09-05,3.10888,0.56988,0.689856,0.44208,0.76924,0.04766,19.84623,173.400952,464.402462,803.456737,758.499997,803.464241,748.735943,624.970903,437.61834,257.375185,178.374814,208.834123,267.636407,259.585281,199.136801,88.775372,16.730099,2.463592
2019-09-06,2.75948,2.47512,0.3802,1.8468,0.98696,1.033424,25.558531,209.876708,436.961281,678.306266,628.710792,619.508845,613.294357,587.69605,477.29733,333.410555,246.429379,241.09916,275.094647,223.211658,118.244414,44.829553,6.781131,1.196036
2019-09-07,2.049264,1.1148,0.657392,0.039096,0.9888,0.604134,3.138415,52.028868,134.272472,242.719642,274.838429,301.059215,341.585201,366.098453,370.227667,392.961865,400.572503,263.494812,202.490664,145.176108,57.184201,11.102655,1.669504,0.399432
2019-09-08,2.087016,0.37232,0.000112,0,0.97344,0.234741,20.160052,186.087226,439.182035,687.279407,686.248751,720.092594,679.476581,627.684202,536.561077,402.808257,310.666162,263.640055,282.478532,233.860761,141.0475,52.781539,11.730476,1.459826
2019-09-09,2.344752,0.853112,0.00144,0.01872,0.98692,1.024535,10.401849,102.147314,292.123136,520.241913,569.175692,672.09183,724.349674,721.01505,593.201791,420.010093,314.590236,253.295581,299.839122,258.818181,137.048434,58.022325,9.078433,1.299541
2019-09-10,2.33652,1.866552,0.00096,0,1.00588,1.075278,21.181967,250.911589,598.80043,856.589003,824.99975,894.336053,935.138596,951.25742,854.88709,736.584483,584.958397,395.087615,327.272742,349.467396,270.97342,175.971011,64.111983,13.527045
2019-09-11,5.209988,1.909952,1.68704,0.77848,1.0124,0.825915,8.176159,106.962994,337.526273,625.090218,674.812203,770.943332,804.121336,841.55332,780.056859,694.864834,584.968473,397.74019,364.832685,355.121116,226.402012,129.5958,39.182409,6.386456
2019-09-12,4.822688,2.68956,1.887008,0.73332,0.99292,1.021204,6.019498,73.944184,193.053962,316.550925,336.88585,405.494405,454.547974,426.621743,379.241402,302.902575,257.736163,255.427604,245.898827,173.427042,86.953976,11.579963,2.149417,1.68332
2019-09-13,2.181712,0.24484,0.000112,8.00E-05,7.20E-05,0.061233,25.800743,343.856859,961.917961,1486.192764,1364.968019,1476.669036,1502.612549,1461.596654,1459.973269,1279.324349,889.348738,516.372992,400.923862,440.982275,374.078006,229.439271,90.61883,21.397205
2019-09-14,5.660264,1.9424,1.739056,0.894424,1.0298,1.083346,20.462024,255.360831,651.495728,1033.681196,957.29655,1048.042385,1049.278566,991.882787,867.394137,745.161429,522.251598,335.76773,334.477466,373.71583,288.332166,186.269196,68.035137,16.474093
2019-09-15,7.085456,3.54224,2.78972,0.5098,0.98596,1.061656,16.630654,219.912782,653.240137,1029.033821,980.253522,1102.745932,1197.714904,1233.868,1208.012663,1047.43294,798.029203,426.926359,376.336571,417.953116,353.312212,228.870075,70.456248,18.30129
2019-09-16,4.2894,1.88838,1.697176,0.613988,1.02336,1.026698,21.541535,243.771921,616.464305,1082.45564,1169.740954,1378.038143,1463.145544,1457.078476,1419.389291,1245.458025,886.594336,495.629245,395.840328,442.944659,380.232879,236.916215,87.695885,19.866018
2019-09-17,6.593183,2.279348,1.72196,0.83464,1.05024,1.094179,26.183754,363.987923,990.03003,1524.049542,1409.529718,1538.368588,1603.256826,1622.737847,1656.012937,1413.327661,921.940864,493.057506,385.545315,436.987177,382.546311,249.843647,108.526466,26.869751
2019-09-18,7.892212,4.083808,2.01258,0.911712,1.083216,1.06068,16.425188,312.25874,891.415447,1420.995589,1364.976818,1537.421267,1647.470254,1678.155869,1693.571953,1489.258463,1002.696019,522.610565,370.591764,418.458054,385.01768,259.017324,122.596864,37.914522
2019-09-19,9.049576,2.823104,1.726764,0.942776,1.02736,1.081049,26.523007,359.958424,974.996736,1491.937444,1377.771148,1487.237934,1516.885313,1500.384327,1460.454285,1251.969017,836.094148,454.079902,367.520393,393.324598,372.205878,278.687424,126.896294,35.966309
2019-09-20,9.960488,4.2722,2.706452,1.674248,1.67804,1.850628,9.485669,147.686101,470.125007,929.141478,885.024203,899.337432,865.072561,798.209228,701.926561,557.178566,399.081292,295.117846,312.194436,313.899622,253.404726,162.041886,54.987474,11.517961
2019-09-21,4.236448,2.1316,1.971776,0.468376,1.10976,1.042896,2.787353,44.304996,126.018769,214.89327,246.706048,266.482329,226.153443,164.56627,109.231715,68.978725,43.461042,69.164231,67.128743,30.660143,23.657878,0.575772,0.24346,0.361536
2019-09-22,0.60524,0.01056,8.00E-05,4.00E-05,0.01056,0.036293,0.173207,11.908111,57.121822,114.94209,125.71262,150.605154,173.17558,163.968843,139.444956,110.53252,85.681934,83.227704,78.538398,22.806065,9.61554,0.233548,0.37424,0.3408
2019-09-23,0.483152,0,8.00E-05,4.00E-05,0.01248,0.053358,9.843227,215.702909,660.872954,1111.46581,1058.57654,1084.615614,1086.269443,1054.653998,1003.171476,876.248949,641.437494,392.996075,336.460496,359.246192,306.749011,165.537618,56.261842,14.057594
2019-09-24,4.990862,1.289864,1.077976,0.438992,0.88612,0.12322,16.719422,301.318917,858.323441,1392.540802,1366.707195,1540.971926,1616.69015,1594.565889,1531.738559,1297.556886,849.777236,459.219429,367.584905,417.374575,383.111265,256.772606,125.675048,39.456653
2019-09-25,7.813792,3.448468,2.42996,1.410612,1.500992,1.565968,20.429263,282.416776,732.33449,1229.899701,1153.462773,1210.51784,1173.921873,1103.908679,944.552516,659.82418,398.205061,297.519799,356.26685,399.187416,356.42904,226.065846,95.4192,21.011926
2019-09-26,6.453172,2.834316,1.877192,0.275672,1.075412,1.090866,13.337523,213.923726,621.502841,1031.660528,975.106623,1103.164185,1114.059644,1060.423164,930.928007,690.729126,475.013035,330.342116,370.856199,397.1125,344.172299,203.789346,85.321611,19.248503
2019-09-27,5.375606,2.9289,2.183052,0.00772,0.98784,1.077984,16.564959,244.616893,694.774863,1111.741118,989.509109,1071.32077,1075.602071,1073.528007,900.692634,631.216458,378.110847,301.462591,354.556246,381.75919,303.281003,169.445722,76.004885,23.283652
2019-09-28,5.003104,2.7828,1.785532,0.416596,1.03556,1.027227,3.395903,141.427987,500.927716,939.865676,930.330247,1013.246734,1026.680657,978.202691,906.410556,797.49071,585.564165,360.011289,356.385041,383.895349,322.592323,183.639322,69.683012,16.2172
2019-09-29,6.288852,2.380384,1.650748,0.309304,0.98792,0.422533,7.490523,193.710953,608.286746,1120.525596,1161.647689,1358.125721,1419.149729,1395.006684,1352.71828,1163.36751,765.318216,385.910783,376.1432,429.224302,385.985228,251.393114,117.152359,35.117442
2019-09-30,6.991419,3.078084,1.982372,0.704816,0.56332,0.56031,8.589813,195.354734,602.088488,1091.686918,1105.126456,1255.840856,1293.001786,1293.658489,1255.690558,1048.476251,679.521506,355.778675,366.995087,407.443626,370.493997,242.998762,101.453819,25.484025
2019-10-01,4.785251,2.251292,1.346224,0.194604,1.03632,1.0167,3.438577,76.315916,219.018376,383.05592,425.321751,495.26011,475.857001,405.81195,314.534548,209.136353,145.458045,111.941879,165.343682,158.331401,114.942126,47.769832,11.955392,3.172224
2019-10-02,0.248124,0.2087,0.029188,0.032284,0.35136,0.0009,0.179968,13.603866,51.450158,100.637404,119.332949,129.538461,142.192746,132.057584,107.648945,79.213769,47.931409,34.686604,54.391567,11.6977,8.517316,0.54,0.12176,0.15028
2019-10-03,1.05768,0.06816,0.06852,0.04176,0.06336,4.00E-05,1.719255,93.345873,356.721899,684.447331,825.146132,1028.185544,1000.481789,991.042596,974.8998,849.966955,650.339892,339.165718,346.073448,370.003658,312.815761,174.553549,61.975648,12.544593
2019-10-04,6.102228,2.626836,2.015912,0.86028,1.0268,0.99732,6.451076,178.939132,537.823766,974.319248,1102.672684,1330.9608,1399.86006,1346.112726,1244.871373,1030.786143,588.585531,287.140053,376.775682,431.693699,379.393019,244.606226,101.622606,27.734553
2019-10-05,5.63108,1.870584,1.675476,0.934744,1.00502,0.992472,3.479023,79.800705,228.084356,410.603173,461.88402,572.831977,667.165895,623.574965,576.581316,486.551325,397.678394,263.268416,287.301702,241.753229,144.015345,70.081324,25.017602,2.982429
2019-10-06,3.244463,1.58604,0.272944,0,0.98696,0.90562,8.028751,213.634542,668.669622,1119.64322,1122.663449,1265.196143,1210.367376,1087.23418,913.775459,694.311003,363.359648,271.271648,374.408386,404.758908,340.705658,211.033724,77.866496,18.4761
2019-10-07,5.656376,2.7313,1.196872,0.1613,0.998148,0.992812,0.667389,26.444408,117.764482,225.82742,257.026202,267.553437,269.031342,219.479378,173.036636,125.627483,103.00136,81.690364,94.439887,48.696256,32.8808,4.69972,0.269888,0.39288
2019-10-08,0.60264,0.00216,4.00E-05,0,0.6596,0.001,3.107695,131.358409,535.354196,1059.690644,1067.862589,1218.274574,1337.735651,1395.924557,1343.702654,1153.203691,769.243645,350.361302,358.15723,428.525326,379.962336,227.655926,98.485897,26.780458
2019-10-09,4.186107,1.974396,1.658752,0.660632,1.03968,1.314288,9.558657,315.064284,997.2115,1573.744999,1463.570727,1594.872244,1653.369096,1601.817378,1479.475503,1224.03762,736.035159,353.650297,372.784498,438.400445,390.304026,244.55657,113.941911,35.438629
2019-10-10,7.324816,3.211756,1.91986,0.892312,1.14528,1.00424,7.235696,181.855698,579.336377,980.388989,918.10491,1021.581751,1033.239799,1076.719192,1026.533965,813.880656,475.237452,264.44333,343.470291,358.336185,283.53729,187.396559,89.915224,22.493
2019-10-11,4.252296,1.839928,1.64064,0.84544,0.98796,1.0374,5.931011,212.737296,720.526978,1334.055488,1289.249698,1440.474801,1491.477268,1492.480428,1458.148701,1200.857181,658.082404,297.264403,366.545147,432.778265,387.216267,243.88585,123.342499,36.600005
2019-10-12,6.937096,1.7633,1.709052,0.918052,1.102188,1.01186,4.868872,246.176493,857.483855,1407.544015,1316.275595,1423.933976,1475.131284,1466.503904,1443.133896,1177.785513,650.831306,300.09741,367.637155,431.405951,375.583794,234.406407,114.779569,30.896226
2019-10-13,5.452891,1.996903,1.162716,0.530396,1.09724,0.99258,6.049617,263.421969,888.172319,1433.832854,1334.932816,1458.847093,1509.843438,1487.768492,1468.544179,1181.451475,661.608472,294.788483,368.735882,435.201387,382.417062,239.614262,117.446436,31.417725
2019-10-14,7.486547,4.941312,2.00762,0.548516,1.068076,1.01454,6.509799,219.216141,714.877684,1158.577663,1075.768657,1193.613542,1256.595031,1237.033415,1097.410162,873.429503,591.079271,293.46945,360.859878,405.679759,357.138722,215.116273,99.726362,26.513974
2019-10-15,5.905183,2.086619,0.39328,0.184784,1.04888,0.99666,2.411912,149.522233,569.540654,923.618936,876.508987,936.452263,1005.776313,992.055027,941.384844,780.802234,524.641846,267.438213,351.936132,367.871901,312.446313,144.833768,35.304384,6.118304
2019-10-16,2.742207,1.177184,0.769392,0.456004,1.320556,0.38556,3.454078,188.802082,675.369725,1208.466426,1204.336561,1365.421285,1394.302132,1359.07509,1255.535182,989.196708,536.347119,268.408339,368.564234,432.34481,382.500684,237.454585,115.895572,35.221785
2019-10-17,6.49339,1.785988,0.97122,0.228396,1.02024,0.99672,1.805817,101.78498,408.025242,737.269422,729.617045,851.240406,764.772108,729.947652,686.60177,567.691096,439.099562,252.095723,327.580498,346.739898,234.136507,100.134875,22.204667,2.178071
2019-10-18,2.584155,0.91226,0.003852,0.029392,1.00368,0.20124,0.568353,72.954476,259.178854,523.830167,540.216513,613.954985,604.454167,565.024777,456.127461,333.584987,217.584335,189.861977,267.285566,233.161098,128.318792,27.178836,6.845724,2.652344
2019-10-19,2.562223,0.82792,0.0062,0,0.19204,8.00E-05,1.966605,184.479893,743.562051,1306.845458,1274.518683,1401.278575,1415.997017,1373.624331,1256.01047,1027.71827,554.863806,263.926469,364.711837,418.639272,366.545103,229.127217,112.783211,26.575869
2019-10-20,4.385551,3.31098,2.2374,0.898728,1.0174,0.99176,2.257722,132.521291,529.233841,1001.960623,1110.845346,1354.925022,1419.197207,1382.32081,1301.220849,1055.697539,566.937833,268.690212,371.812128,419.992341,370.132733,240.239519,117.104038,28.824917
2019-10-21,6.595189,2.78236,2.069828,0.339928,1.02688,0.99344,2.010585,163.37583,700.774679,1283.832199,1296.471789,1446.591289,1493.952059,1460.033753,1375.51902,1074.14696,505.209681,238.784841,370.558671,433.66951,383.589839,241.279225,121.139773,30.652601
2019-10-22,7.252236,2.880704,2.01664,0.912476,1.072576,1.03074,1.958571,170.44647,728.810154,1312.811977,1248.819819,1356.056473,1381.784536,1315.112198,1209.133088,920.715937,466.15332,235.851733,368.026131,427.880942,376.585879,233.18986,108.43715,28.465828
2019-10-23,7.255398,3.66532,2.868904,0.879368,1.027616,1.02114,1.069272,80.227921,299.455645,510.935439,505.350293,570.051054,603.49792,513.595832,377.142612,231.833632,134.955044,178.439176,252.031767,229.022483,112.012515,29.529888,2.126293,1.576666
2019-10-24,1.957448,0.51556,0.00032,0.0252,0.39172,0.977304,0.419801,80.510195,360.726525,680.901191,773.712541,929.379401,1066.551529,1116.475284,1032.137577,754.790117,392.324436,223.352608,355.753899,394.324922,331.958717,158.989582,46.826222,8.070712
2019-10-25,2.910188,1.730364,1.058776,0.240464,0.17948,0.0264,1.208423,156.094728,675.674075,1197.029319,1179.494405,1283.103432,1179.64922,994.512962,856.774557,582.012762,293.312644,213.231853,366.496065,413.723265,354.658143,208.93056,93.608086,25.50848
2019-10-26,4.738768,2.089764,1.16682,0.1608,0.4274,0.99508,2.145037,127.169543,538.858891,996.769196,1076.90087,1289.248243,1363.737781,1303.440392,1106.845655,727.417098,343.997624,222.753379,341.499225,383.497441,348.137055,200.344357,88.879471,29.194602
2019-10-27,4.434344,2.34584,1.64018,0.22808,0.43348,0.9963,2.149075,160.261907,685.398394,1261.78945,1256.646671,1408.709175,1417.194245,1378.764496,1279.539126,985.24664,457.149118,229.810664,373.475361,431.48777,372.308194,231.138241,111.493344,34.170425
2019-10-28,5.652285,2.359207,1.185324,0.163572,0.44044,1.03692,2.242338,152.627932,653.048406,1240.885534,1275.18431,1426.212691,1473.740576,1385.239095,1170.26004,821.099878,331.848294,215.9757,369.918991,433.449323,383.562917,242.604138,114.491086,33.725156
2019-10-29,6.451711,2.297068,1.67832,0.792836,0.42288,1.0366,1.519337,102.106484,514.010585,1043.372807,1050.67268,1116.000184,1152.745055,1146.777256,1060.020342,849.183852,410.935962,218.576208,366.876385,418.579149,356.746444,200.327461,74.19671,12.817693
2019-10-30,5.269719,1.860875,1.00746,0.14424,0.46572,1.013024,1.590025,150.333962,772.702088,1402.568014,1336.244665,1467.741244,1519.213248,1613.063804,1539.604538,1162.111942,518.308531,227.048625,373.586828,428.703312,368.045907,182.414179,55.870076,14.094084
2019-10-31,5.64335,1.736092,0.8215,0.032288,0.45852,1.02208,1.458091,134.958321,699.065231,1287.585982,1247.285391,1377.291765,1405.600065,1436.155763,1319.648222,928.133718,374.66562,219.348844,369.697883,420.951208,350.110164,171.682652,51.487363,12.929181
2019-11-01,12.404323,5.966713,2.317983,1.46032,0.0634,0.423192,0.99834,1.045015,85.806723,464.557923,999.000048,1107.274066,1325.962891,1413.164676,1494.744236,1387.096986,966.056177,359.949229,213.036227,361.769019,420.123524,332.179562,171.41318,48.522673
2019-11-02,7.034009,5.362307,1.648664,0.75288,0.02528,0.39172,1.002444,1.143047,116.67717,526.828111,953.857587,902.992501,933.591126,776.488099,703.95862,661.311263,523.094702,294.745396,208.022747,336.427862,364.947283,253.680632,116.967585,26.733649
2019-11-03,8.687239,3.506802,1.889172,1.0582,0.2956,0.42408,1.0303,0.676743,59.794117,315.307713,760.341787,915.032355,1175.433055,1248.226828,1236.44102,1119.435404,754.124094,283.605576,203.825397,353.96622,399.169923,316.454091,147.374072,39.567242
2019-11-04,5.819759,3.411319,1.638132,0.774128,0.044848,0.39172,1.002576,0.906345,79.452687,492.973471,1011.179162,1038.28694,1150.688882,1157.666959,1157.917991,1015.696991,709.096556,306.468857,204.833791,348.558636,391.552299,296.173313,138.705856,31.451206
2019-11-05,12.102846,3.472295,1.618448,0.742872,0.00032,0.39104,0.984108,0.469977,77.890186,468.178385,969.264741,1055.128726,1241.179689,1334.827469,1432.597548,1311.990505,925.784234,367.865256,209.185384,356.174478,412.330164,320.692884,150.719418,42.353702
2019-11-06,11.785152,5.436695,1.72296,0.746668,0,0.391728,1.00156,1.035924,86.578055,559.708412,1147.966518,1184.631023,1373.077018,1434.508338,1438.156664,1238.624055,810.474847,275.067565,203.928863,356.854859,415.733561,329.938263,154.658005,44.072605
2019-11-07,7.177968,5.262487,1.592572,0.741648,0.005512,0.39752,1.07034,0.867622,46.060309,341.544324,821.399278,998.980169,1219.431076,1345.245272,1423.513583,1309.54625,887.935047,346.869954,205.899331,357.001823,405.307086,317.628194,150.443849,39.898341
2019-11-08,12.091267,3.709355,1.648592,0.404644,8.80E-05,0.390768,1.01526,1.310224,94.368496,659.382492,1332.189225,1315.882164,1478.714179,1566.798247,1706.479026,1557.526938,1089.431063,404.502071,211.636855,365.697155,412.690787,329.04617,155.589926,44.740443
2019-11-09,11.50938,5.448904,1.702304,0.76578,0.019496,0.39216,1.02492,0.951677,88.559112,643.569494,1294.998078,1255.490472,1387.905617,1450.937786,1574.066903,1423.925519,995.09317,365.45055,208.661951,361.429566,409.92742,324.341806,151.435649,43.368356
2019-11-10,1.84152,5.219724,1.690072,0.745308,0.03348,0.43532,1.038564,0.735568,40.944803,261.494618,536.028736,544.20706,570.793653,585.167053,533.841294,528.225368,393.542891,185.866071,185.603716,261.760662,247.200332,140.415937,41.915098,2.018236
2019-11-11,3.770151,3.046216,0.75132,0.00292,0.0276,0.39504,0.90476,0.251835,44.191256,332.495285,684.899552,680.005968,805.959765,860.470857,913.814984,854.315408,594.429896,273.194828,201.665957,336.922442,339.793918,236.97735,77.279248,14.398797
2019-11-12,8.889048,3.942116,1.398224,0.0025,0.00012,0.39168,1.0316,0.9188,70.97597,562.595695,1094.218746,975.913409,1082.89575,1083.541643,1062.979887,968.417089,654.337805,243.844033,208.76028,359.385886,381.682482,290.178308,126.997304,32.612218
2019-11-13,1.7846,5.29138,3.128148,1.111792,0.163232,0.39072,1.002504,0.668409,32.690544,151.560815,249.262188,288.747776,317.043583,285.009393,268.257566,270.194348,164.411978,63.082982,87.350518,145.208463,93.853691,37.308145,2.011941,0.58921
2019-11-14,10.865935,1.36728,0.0144,0,0.0042,0.39168,0.774,0.320201,68.294745,594.898598,1312.719999,1341.04468,1531.250716,1630.89818,1788.87612,1636.489495,1109.735752,366.760194,205.563334,365.248424,385.828625,309.245318,147.80402,38.56765
2019-11-15,5.766646,5.473211,2.914104,0.731156,0.0036,0.46892,1.183616,0.991551,56.936317,425.089687,892.107436,834.157834,949.349314,1036.155676,1128.215192,975.346998,627.767505,226.658298,197.788887,334.551937,333.317965,233.041703,114.997065,26.17069
2019-11-16,4.935793,4.350308,2.655656,1.05836,0.20976,0.39244,1.01034,0.811183,39.314559,308.759474,684.501303,696.011077,913.195988,1025.9625,1057.682072,1019.01952,687.690981,262.89698,204.630141,343.434412,347.371376,270.923649,115.231708,25.326798
2019-11-17,0.54216,2.650836,1.67328,0.72584,0.00864,0.40252,1.011,0.672246,12.799192,104.017996,154.892104,143.679991,177.7815,194.624095,171.449441,146.858667,67.8993,30.833111,50.264424,97.264319,64.391564,11.064946,0.467881,0.36961
2019-11-18,3.921936,1.5778,0.2708,0.00028,0,0.32736,0.03936,0.044373,7.70969,101.801314,265.067076,419.5858,605.364787,644.146033,599.983975,484.286373,338.193293,144.144465,163.680192,203.938723,188.775033,90.2121,26.775017,5.940074
2019-11-19,2.304826,2.328204,0.306,0.00696,0.0036,0.39436,0.52616,0.150066,31.060808,344.851679,860.756783,890.433827,1032.183389,1060.217972,1018.09187,829.346538,507.05868,194.073957,190.250748,307.792065,300.137847,196.245835,91.971396,19.692002
2019-11-20,2.69672,3.649831,1.453272,0.39604,0.03456,0.39312,0.9978,0.739288,49.287326,522.701989,1267.8314,1300.880653,1476.588583,1579.476158,1779.305402,1576.236674,1003.646136,305.053051,203.656595,381.274314,390.755888,300.752941,145.40392,28.429347
2019-11-21,2.306775,3.619964,2.628532,1.134944,0.00728,0.4194,1.002388,0.839834,49.533415,485.872114,1112.10831,1134.236563,1202.212945,1116.789233,1089.649722,848.986126,466.971792,159.544609,199.508524,372.761569,368.403773,274.202841,122.966384,22.808003
2019-11-22,8.315904,3.675843,2.556136,0.863624,0.00504,0.39176,1.01478,0.757905,41.961425,449.56306,1104.644268,1165.431889,1307.000186,1358.557146,1463.532014,1324.910773,830.142645,254.267344,201.827101,378.091394,382.411127,299.183486,142.792964,31.283089
2019-11-23,7.532784,4.068148,2.594864,0.850556,0.02472,0.43656,0.99826,0.739301,38.610198,417.538321,1021.191406,1022.376396,1091.739996,1123.468852,1174.495768,1074.646161,706.366927,225.821082,197.328125,364.990907,370.318793,282.859819,128.519928,28.515249
2019-11-24,2.263156,3.623096,2.516812,0.933496,0.09452,0.41572,1.046944,0.614375,17.046767,276.783641,656.882882,732.453347,908.018175,889.901777,788.266104,697.745094,410.864688,123.812216,184.951831,335.066962,313.984775,248.379709,97.797035,17.919937
2019-11-25,6.677818,3.284888,2.405552,0.570356,0.043416,0.43032,0.99586,0.469246,16.730887,177.073774,400.590188,445.193142,543.702333,583.655633,511.879848,406.925874,262.586943,117.061451,153.112202,251.617053,197.413691,78.956667,16.657007,8.764768
2019-11-26,8.068453,2.685183,0.31896,0.00792,0.00144,0.39076,0.50742,0.061655,19.575026,270.451599,724.613048,874.607437,1045.043991,1090.4811,1055.600937,888.906634,545.818126,158.69061,184.997968,331.254412,295.278807,207.428845,97.293301,24.840395
2019-11-27,7.325424,3.894796,1.517488,0.264432,0.03312,0.3924,1.01124,0.581456,12.108441,190.479103,505.490147,563.435394,623.566653,659.433426,645.896279,537.958685,323.084996,126.752142,169.05816,265.278384,208.857641,101.603859,36.91502,14.533049
2019-11-28,8.00747,2.718256,0.52752,0.04896,0.00124,0.39168,0.29616,0.17308,24.964148,294.504692,786.141202,878.58208,1077.071769,1138.506653,1186.370285,1049.30455,641.661796,209.273752,195.722712,362.801172,353.47448,253.088224,102.261377,19.812238
2019-11-29,8.497778,2.487816,1.793608,0.719356,0.00652,0.39168,0.599448,0.211891,24.696568,372.125152,1072.065259,1193.778272,1403.869759,1512.819443,1709.322698,1517.878566,948.023016,270.652648,202.016758,381.025673,380.206435,290.446902,141.151885,32.802925
2019-11-30,6.909289,4.19488,2.729876,1.091412,0.02328,0.43524,1.00434,0.805416,23.341462,344.385142,945.406863,938.399982,1006.043993,1185.745028,1348.290744,1156.009493,626.140374,161.472464,199.626951,370.715864,370.033651,283.207522,128.431952,28.036462
2019-12-01,0.191293,3.52994,2.831436,1.718056,0.378,0.41692,1.02416,0.63888,2.298542,64.556625,168.675889,188.546015,198.880073,176.589353,120.81907,73.166008,40.375177,15.354537,25.643567,53.942759,22.078871,15.100966,0.163982,0.436019
2019-12-02,8.270471,0.24412,0.00864,0.00292,0.00144,0.169,0.00974,0.0012,15.643913,250.01832,747.468365,904.728679,1099.639758,1140.878753,1095.33445,920.344624,540.682348,166.872905,198.05047,336.91846,335.484053,221.497084,97.133951,25.26865
2019-12-03,9.28937,3.676284,1.712708,0.31092,0.0098,0.4216,0.9994,0.58516,13.633726,246.026708,731.898455,816.327552,883.942399,811.265732,655.096023,435.787194,257.560714,103.1303,157.750426,259.248418,257.648928,155.05811,71.644873,27.814014
2019-12-04,8.867368,4.03583,2.5205,0.466165,0.227865,0.517675,0.999376,0.60808,11.621842,245.383642,833.784942,1048.181913,1272.684381,1341.347884,1390.503649,1175.36053,658.559506,185.314852,206.626644,384.481567,375.913682,285.550497,131.739153,29.947926
2019-12-05,9.36919,4.0407,2.558268,0.959476,0.00648,0.431792,0.99144,0.63768,15.040499,326.52341,1025.46299,1187.902292,1387.003188,1440.834109,1585.455434,1311.739816,704.233561,182.530783,198.781605,379.536827,380.812405,290.120728,136.201255,32.681584
2019-12-06,8.971149,4.091976,2.47092,1.090404,0.05868,0.42948,1.0174,0.64328,11.96875,270.828298,896.220728,1103.888644,1303.091385,1404.561986,1549.3913,1410.853697,834.401481,239.841523,202.798337,380.425721,373.678353,286.076248,132.176587,31.57431
2019-12-07,4.409545,4.042823,2.570136,1.10232,0.03828,0.431968,1.01638,0.66392,13.259643,280.08747,849.932747,956.3908,1033.425924,1025.464532,1060.050411,907.952372,525.507354,159.518072,184.813711,328.887601,311.054833,231.838149,100.111723,21.869629
2019-12-08,11.217823,3.827332,2.73614,0.957012,0.13724,0.43108,1.014912,0.64148,12.217396,271.946616,892.570152,1077.837245,1297.497034,1404.970274,1547.882908,1368.498651,827.568869,235.31495,198.893765,372.818484,363.985643,278.10293,134.101054,33.282277
2019-12-09,5.897478,5.108688,2.46736,0.963456,0.2838,0.41824,1.024176,0.64332,10.578068,205.009649,608.549552,811.031471,1015.223954,1086.50267,1072.502007,928.191662,543.176724,175.453209,211.25739,347.914362,343.549433,249.639035,104.11654,24.967848
2019-12-10,6.55581,3.838068,2.674312,1.208584,0.27188,0.44028,1.01382,0.64268,5.573077,147.339481,445.72327,571.540851,749.896666,896.75013,911.149176,794.46979,485.326067,168.580505,221.819925,333.950476,288.884019,198.913645,73.603819,14.958536
2019-12-11,7.127778,4.337812,2.707024,0.80072,0.02256,0.41496,1.014852,0.63516,4.783059,130.646706,376.918296,503.506854,627.369928,651.053353,578.981665,447.66622,314.988709,145.218318,196.7946,263.832706,225.138051,132.016776,44.285442,12.131508
2019-12-12,11.305038,3.354,1.61348,0.26716,0.0084,0.41496,1.00626,0.56996,8.224285,265.907818,920.052397,1112.168031,1339.686722,1446.128094,1592.293613,1471.744796,899.021983,251.216013,227.932893,376.207688,364.069368,252.87656,123.049998,33.192864
2019-12-13,7.455298,4.681732,1.626652,0.71332,0.0276,0.38976,1.051396,0.63272,11.238466,256.601184,778.425693,944.102657,1082.970341,1029.786699,946.013726,854.151112,597.918705,210.681904,224.937732,353.131024,344.664899,239.815554,110.257424,26.238631
2019-12-14,10.761652,3.202112,1.625372,0.689048,0.02736,0.39162,1.068744,0.74488,5.17673,214.771376,794.236365,1052.69156,1312.630374,1437.845297,1574.372523,1371.586446,783.679138,219.439489,221.783584,370.791463,358.931704,255.288344,123.524445,34.179944
2019-12-15,9.760879,3.613208,1.640988,0.72126,0.00648,0.422784,1.050916,0.73808,6.894083,243.44614,856.713792,1055.546587,1242.138484,1256.107938,1243.788727,977.723881,521.397395,178.093751,220.084225,363.797114,356.747566,254.831612,118.885133,31.908293
2019-12-16,9.99558,3.54652,1.69814,0.74576,0.0072,0.422336,1.061944,0.7257,5.112118,185.537658,645.482612,874.170665,1054.857212,1126.980859,1103.093723,822.311278,458.691257,163.402382,206.174393,345.094592,343.288398,249.769949,112.413811,29.007664
2019-12-17,1.61464,3.527712,1.356816,0.151096,0.05404,0.44712,1.01354,0.6375,2.107251,32.51172,96.032798,135.127988,197.363593,216.244028,216.711189,181.583346,104.453648,37.926918,47.866751,50.972061,32.785762,33.913712,11.008072,5.73396
2019-12-18,8.490232,0.51552,0.00296,4.00E-05,0,0.39038,0.9827,0.15514,4.109816,139.382238,485.480371,703.948861,978.589212,1115.330412,1152.661368,1041.793292,640.747836,204.298123,217.489744,339.890171,324.32457,227.258144,97.847994,25.411765
2019-12-19,9.670474,2.650228,0.814776,0.35368,0.00508,0.41604,1.024836,0.71358,3.303826,206.370177,833.645306,1102.203981,1366.04242,1500.414057,1606.253665,1277.63541,705.124399,201.700659,232.118216,382.961968,372.206428,267.613152,130.658482,34.662168
2019-12-20,4.997358,3.419576,1.613496,0.718184,0.05648,0.419,1.032344,0.708,2.959568,148.562077,600.760137,846.554153,996.316074,1020.286109,989.526056,851.08123,477.352963,165.952702,226.761037,331.719433,316.100349,192.646455,83.929488,22.256986
2019-12-21,6.789024,3.898812,1.311904,0.38436,0.22916,0.45872,1.028488,0.67436,2.404179,141.775576,431.353804,507.84939,557.094829,518.804286,424.670068,329.071466,235.183441,125.947786,174.023989,211.898143,161.27116,93.310711,31.14846,8.681584
2019-12-22,8.291928,2.31216,0.13922,0.03456,0.0036,0.39216,0.38316,0.11896,0.306309,63.589213,270.273177,411.356707,582.899611,791.542615,843.760302,738.227817,512.178823,216.232717,229.903674,328.909588,294.939706,164.954843,59.334104,13.546734
2019-12-23,2.2619,2.742776,1.027312,0.029,0.00368,0.39072,0.528564,0.10772,1.432678,93.05194,392.085517,574.563816,681.909543,724.538319,750.783891,634.125029,407.449261,165.899474,201.438413,303.439532,259.775133,168.546247,61.664236,12.274539
2019-12-24,8.282647,3.161484,1.80648,0.1058,0.00836,0.39462,1.025856,0.73072,2.527378,162.48675,593.616244,806.384015,1166.672273,1359.244033,1494.38084,1398.349251,886.172807,284.274059,243.672375,396.745194,385.217067,277.307758,134.897675,32.47908
2019-12-25,6.02946,3.98938,2.03296,0.814808,0.0036,0.404808,1.038216,0.6363,3.826966,172.175821,598.497922,845.673263,1151.274772,1278.280599,1166.164803,931.337661,564.951068,182.654597,234.954581,379.342392,361.913087,255.083316,117.975994,26.254022
2019-12-26,0.59652,3.618764,2.0017,0.822592,0.00264,0.39072,1.021004,0.58392,0.413409,32.689962,107.362063,155.286624,189.96902,183.138874,192.358188,164.359481,109.991141,61.976957,87.976505,52.546046,26.940544,16.760909,2.237463,2.60896
2019-12-27,14.61403,0.80868,0.02848,0.01084,0.0018,0.2469,0.02922,0.07712,2.296385,162.039484,667.312705,918.995838,1094.602811,1246.682038,1383.321219,1254.380663,816.126216,274.866117,237.239777,356.262413,329.455482,224.965542,107.00145,40.157451
2019-12-28,11.782967,3.831836,1.662008,0.33302,0.2373,0.41672,1.019272,0.60724,3.520346,217.73999,833.903597,1085.613892,1321.974391,1414.236117,1516.363882,1362.054619,853.444883,284.840607,242.726626,392.26384,382.183035,283.779558,143.645185,38.143574
2019-12-29,0.5976,4.014824,1.97914,1.008324,0.221908,0.41296,1.020156,0.55296,0.395167,63.189846,204.683187,245.253164,307.828881,328.143417,298.410161,218.802056,119.627614,53.111603,85.328575,93.716881,69.788149,37.306875,1.975744,2.619284
2019-12-30,1.137463,1.078503,0.04852,0.34876,0.0008,0.39076,0.18402,0.00978,0.168009,36.390476,195.392618,325.506946,449.807346,551.478709,496.00189,345.029266,189.53351,82.408295,157.306866,156.794552,108.783619,53.911808,10.550533,4.210372
2019-12-31,12.606614,1.90528,0.17864,0.00368,0.00076,0.39074,0.58348,0.08452,2.33091,191.491545,823.29306,1135.107718,1417.857592,1601.457863,1740.535517,1579.013339,1047.2284,346.316031,246.223162,386.473238,374.965459,288.776468,145.197685,37.587241
